일자,"국고채권(1년)","국고채권(3년)","국고채권(5년)","국고채권(10년)","통안증권(91일)","통안증권(1년)","통안증권(2년)"
2024-11-22,2.866,2.816,2.872,2.976,3.046,2.812,2.88
2024-11-21,2.872,2.829,2.883,2.978,3.045,2.817,2.892
2024-11-20,2.886,2.873,2.92,3.017,3.05,2.836,2.93
2024-11-19,2.89,2.889,2.937,3.036,3.05,2.842,2.941
2024-11-18,2.894,2.915,2.967,3.063,3.054,2.851,2.961
2024-11-15,2.893,2.941,2.991,3.084,3.06,2.859,2.977
2024-11-14,2.873,2.929,2.986,3.074,3.05,2.84,2.965
2024-11-13,2.875,2.939,2.984,3.067,3.052,2.845,2.979
2024-11-12,2.855,2.9,2.939,3.014,3.044,2.831,2.944
2024-11-11,2.858,2.901,2.948,3.038,3.046,2.836,2.943
2024-11-08,2.847,2.889,2.942,3.049,3.036,2.829,2.926
2024-11-07,2.858,2.922,2.978,3.098,3.049,2.844,2.951
2024-11-06,2.867,2.96,3.023,3.134,3.055,2.856,2.982
2024-11-05,2.858,2.918,2.971,3.073,3.049,2.838,2.94
2024-11-04,2.87,2.935,2.994,3.096,3.051,2.843,2.95
2024-11-01,2.875,2.939,2.995,3.09,3.052,2.844,2.948
2024-10-31,2.875,2.936,2.998,3.1,3.055,2.849,2.949
2024-10-30,2.87,2.937,3.002,3.105,3.055,2.848,2.95
2024-10-29,2.867,2.936,3.009,3.118,3.058,2.85,2.943
2024-10-28,2.873,2.932,3.008,3.117,3.065,2.859,2.926
2024-10-25,2.851,2.882,2.941,3.054,3.051,2.834,2.88
2024-10-24,2.853,2.891,2.956,3.074,3.05,2.84,2.884
2024-10-23,2.879,2.936,3.011,3.128,3.074,2.877,2.923
2024-10-22,2.879,2.943,3.014,3.13,3.077,2.877,2.925
2024-10-21,2.862,2.902,2.963,3.054,3.077,2.875,2.902
2024-10-18,2.862,2.908,2.971,3.072,3.087,2.874,2.915
2024-10-17,2.85,2.897,2.946,3.028,3.083,2.857,2.899
2024-10-16,2.842,2.88,2.924,3.008,3.081,2.845,2.882
2024-10-15,2.849,2.906,2.963,3.05,3.091,2.851,2.906
2024-10-14,2.857,2.938,2.997,3.087,3.105,2.861,2.928
2024-10-11,2.856,2.947,2.998,3.085,3.119,2.872,2.944
2024-10-10,2.866,2.962,3.014,3.088,3.13,2.883,2.957
2024-10-08,2.852,2.932,2.998,3.077,3.139,2.878,2.943
2024-10-07,2.861,2.96,3.018,3.101,3.171,2.89,2.962
2024-10-04,2.827,2.824,2.899,2.996,3.158,2.854,2.853
2024-10-02,2.809,2.78,2.843,2.932,3.151,2.835,2.833
2024-09-30,2.826,2.811,2.887,2.992,3.157,2.844,2.857
2024-09-27,2.845,2.826,2.889,3.0,3.164,2.855,2.877
2024-09-26,2.853,2.807,2.875,3.001,3.162,2.842,2.872
2024-09-25,2.865,2.812,2.873,2.997,3.168,2.85,2.88
2024-09-24,2.88,2.854,2.903,3.026,3.179,2.868,2.917
2024-09-23,2.886,2.864,2.904,3.022,3.184,2.879,2.92
2024-09-20,2.886,2.838,2.868,2.989,3.187,2.879,2.905
2024-09-19,2.898,2.843,2.867,2.979,3.191,2.887,2.921
2024-09-13,2.896,2.822,2.832,2.928,3.189,2.884,2.914
2024-09-12,2.941,2.866,2.897,2.97,3.204,2.912,2.96
2024-09-11,2.941,2.82,2.855,2.943,3.201,2.915,2.92
2024-09-10,2.991,2.877,2.906,3.01,3.212,2.959,2.953
2024-09-09,3.01,2.897,2.962,3.032,3.229,2.974,2.961
2024-09-06,3.014,2.881,2.932,2.99,3.229,2.979,2.947
2024-09-05,3.021,2.905,2.971,3.03,3.234,2.983,2.97
2024-09-04,3.028,2.931,2.996,3.052,3.234,2.998,2.991
2024-09-03,3.056,2.981,3.051,3.12,3.247,3.031,3.041
2024-09-02,3.063,2.989,3.049,3.121,3.256,3.043,3.051
2024-08-30,3.06,2.953,3.01,3.088,3.257,3.043,3.022
2024-08-29,3.059,2.939,3.0,3.075,3.26,3.048,3.013
2024-08-28,3.049,2.919,2.977,3.054,3.262,3.038,2.992
2024-08-27,3.055,2.94,2.995,3.073,3.271,3.05,3.008
2024-08-26,3.039,2.89,2.925,2.974,3.259,3.02,2.967
2024-08-23,3.05,2.92,2.953,3.005,3.266,3.023,2.991
2024-08-22,3.042,2.907,2.933,2.98,3.262,3.006,2.98
2024-08-21,3.052,2.94,2.96,2.997,3.268,3.022,3.004
2024-08-20,3.058,2.944,2.959,2.999,3.274,3.035,3.006
2024-08-19,3.055,2.927,2.942,2.985,3.272,3.032,2.991
2024-08-16,3.06,2.928,2.933,2.973,3.281,3.041,2.988
2024-08-14,3.049,2.888,2.899,2.945,3.274,3.019,2.953
2024-08-13,3.072,2.918,2.93,2.974,3.288,3.039,2.976
2024-08-12,3.084,2.946,2.954,3.0,3.294,3.051,2.997
2024-08-09,3.092,2.941,2.958,3.012,3.297,3.061,2.99
2024-08-08,3.093,2.911,2.934,2.997,3.293,3.061,2.97
2024-08-07,3.104,2.929,2.951,3.001,3.304,3.071,2.989
2024-08-06,3.112,2.935,2.953,2.993,3.321,3.083,2.999
2024-08-05,3.083,2.806,2.817,2.878,3.311,3.04,2.899
2024-08-02,3.124,2.939,2.948,2.976,3.332,3.1,3.004
2024-08-01,3.137,2.976,2.987,3.01,3.336,3.128,3.043
2024-07-31,3.152,3.004,3.023,3.064,3.345,3.156,3.067
2024-07-30,3.155,2.994,3.005,3.052,3.344,3.16,3.06
2024-07-29,3.156,2.978,2.99,3.046,3.335,3.152,3.04
2024-07-26,3.193,3.024,3.045,3.108,3.348,3.187,3.078
2024-07-25,3.203,3.024,3.059,3.128,3.349,3.196,3.076
2024-07-24,3.217,3.046,3.073,3.131,3.354,3.22,3.102
2024-07-23,3.229,3.084,3.11,3.171,3.37,3.234,3.129
2024-07-22,3.219,3.071,3.091,3.145,3.37,3.229,3.13
2024-07-19,3.216,3.074,3.099,3.156,3.376,3.224,3.126
2024-07-18,3.202,3.058,3.081,3.138,3.368,3.202,3.111
2024-07-17,3.193,3.05,3.072,3.139,3.365,3.191,3.102
2024-07-16,3.181,3.035,3.061,3.137,3.357,3.184,3.089
2024-07-15,3.192,3.076,3.103,3.177,3.357,3.196,3.133
2024-07-12,3.201,3.101,3.117,3.177,3.354,3.196,3.149
2024-07-11,3.216,3.163,3.178,3.234,3.367,3.207,3.2
2024-07-10,3.201,3.12,3.131,3.198,3.355,3.181,3.148
2024-07-09,3.201,3.114,3.132,3.191,3.357,3.179,3.137
2024-07-08,3.209,3.119,3.14,3.212,3.369,3.19,3.139
2024-07-05,3.216,3.115,3.159,3.227,3.378,3.194,3.139
2024-07-04,3.23,3.128,3.161,3.234,3.395,3.231,3.149
2024-07-03,3.254,3.16,3.188,3.274,3.421,3.278,3.207
2024-07-02,3.261,3.169,3.204,3.289,3.431,3.294,3.209
2024-07-01,3.309,3.21,3.24,3.312,3.453,3.345,3.266
2024-06-28,3.328,3.182,3.204,3.266,3.443,3.337,3.252
2024-06-27,3.348,3.22,3.241,3.3,3.455,3.357,3.283
2024-06-26,3.348,3.215,3.23,3.278,3.454,3.354,3.271
2024-06-25,3.346,3.201,3.217,3.271,3.452,3.347,3.259
2024-06-24,3.343,3.194,3.215,3.264,3.451,3.346,3.258
2024-06-21,3.33,3.176,3.199,3.255,3.442,3.331,3.237
2024-06-20,3.336,3.196,3.22,3.269,3.444,3.332,3.257
2024-06-19,3.314,3.162,3.188,3.231,3.429,3.315,3.236
2024-06-18,3.325,3.214,3.237,3.279,3.437,3.334,3.276
2024-06-17,3.315,3.212,3.23,3.283,3.429,3.327,3.275
2024-06-14,3.324,3.252,3.266,3.302,3.433,3.348,3.308
2024-06-13,3.33,3.277,3.296,3.345,3.439,3.358,3.334
2024-06-12,3.338,3.307,3.332,3.382,3.44,3.365,3.353
2024-06-11,3.349,3.341,3.369,3.425,3.449,3.376,3.377
2024-06-10,3.362,3.353,3.386,3.433,3.459,3.388,3.387
2024-06-07,3.334,3.308,3.329,3.385,3.435,3.353,3.339
2024-06-05,3.349,3.345,3.368,3.43,3.434,3.361,3.366
2024-06-04,3.363,3.39,3.412,3.47,3.44,3.371,3.399
2024-06-03,3.39,3.434,3.466,3.532,3.446,3.383,3.435
2024-05-31,3.41,3.452,3.502,3.578,3.448,3.393,3.451
2024-05-30,3.415,3.44,3.488,3.564,3.447,3.391,3.45
2024-05-29,3.411,3.425,3.465,3.536,3.446,3.38,3.428
2024-05-28,3.402,3.394,3.421,3.481,3.44,3.364,3.405
2024-05-27,3.417,3.413,3.439,3.498,3.444,3.374,3.422
2024-05-24,3.424,3.423,3.451,3.515,3.447,3.378,3.435
2024-05-23,3.42,3.402,3.421,3.472,3.443,3.364,3.421
2024-05-22,3.431,3.409,3.436,3.478,3.446,3.372,3.434
2024-05-21,3.434,3.411,3.441,3.491,3.446,3.371,3.43
2024-05-20,3.435,3.412,3.444,3.497,3.447,3.369,3.427
2024-05-17,3.424,3.379,3.413,3.454,3.44,3.354,3.401
2024-05-16,3.426,3.375,3.408,3.458,3.435,3.346,3.402
2024-05-14,3.46,3.454,3.489,3.546,3.451,3.388,3.465
2024-05-13,3.458,3.452,3.493,3.554,3.452,3.397,3.467
2024-05-10,3.447,3.44,3.478,3.538,3.449,3.396,3.453
2024-05-09,3.45,3.453,3.49,3.556,3.453,3.417,3.47
2024-05-08,3.444,3.439,3.473,3.53,3.449,3.398,3.458
2024-05-07,3.441,3.448,3.482,3.536,3.443,3.413,3.463
2024-05-03,3.46,3.5,3.549,3.614,3.453,3.437,3.503
2024-05-02,3.462,3.509,3.563,3.638,3.452,3.438,3.501
2024-04-30,3.47,3.529,3.586,3.656,3.457,3.442,3.517
2024-04-29,3.481,3.552,3.62,3.704,3.464,3.45,3.526
2024-04-26,3.476,3.531,3.602,3.694,3.46,3.438,3.499
2024-04-25,3.485,3.543,3.625,3.707,3.469,3.446,3.515
2024-04-24,3.472,3.509,3.579,3.645,3.459,3.432,3.498
2024-04-23,3.464,3.489,3.556,3.625,3.454,3.422,3.499
2024-04-22,3.473,3.512,3.585,3.65,3.471,3.433,3.522
2024-04-19,3.447,3.468,3.536,3.583,3.455,3.403,3.484
2024-04-18,3.42,3.427,3.491,3.562,3.444,3.374,3.434
2024-04-17,3.451,3.475,3.541,3.632,3.462,3.394,3.469
2024-04-16,3.455,3.469,3.532,3.618,3.472,3.399,3.473
2024-04-15,3.444,3.44,3.494,3.561,3.467,3.385,3.446
2024-04-12,3.431,3.403,3.454,3.538,3.464,3.369,3.417
2024-04-11,3.458,3.466,3.511,3.585,3.487,3.396,3.469
2024-04-09,3.422,3.391,3.436,3.503,3.47,3.362,3.393
2024-04-08,3.42,3.383,3.423,3.488,3.468,3.356,3.382
2024-04-05,3.392,3.329,3.368,3.433,3.455,3.326,3.337
2024-04-04,3.4,3.338,3.378,3.457,3.462,3.335,3.355
2024-04-03,3.401,3.341,3.381,3.452,3.465,3.336,3.373
2024-04-02,3.396,3.333,3.368,3.425,3.467,3.342,3.37
2024-04-01,3.373,3.291,3.326,3.381,3.459,3.338,3.347
2024-03-29,3.384,3.322,3.354,3.413,3.468,3.356,3.367
2024-03-28,3.356,3.293,3.324,3.377,3.46,3.346,3.354
2024-03-27,3.34,3.288,3.322,3.373,3.452,3.336,3.35
2024-03-26,3.34,3.301,3.34,3.397,3.453,3.337,3.362
2024-03-25,3.328,3.29,3.331,3.37,3.448,3.319,3.352
2024-03-22,3.321,3.284,3.317,3.362,3.445,3.316,3.352
2024-03-21,3.32,3.306,3.349,3.411,3.441,3.314,3.359
2024-03-20,3.346,3.371,3.399,3.451,3.456,3.351,3.415
2024-03-19,3.361,3.383,3.419,3.472,3.472,3.372,3.448
2024-03-18,3.357,3.348,3.382,3.435,3.473,3.38,3.42
2024-03-15,3.351,3.308,3.344,3.41,3.475,3.384,3.387
2024-03-14,3.349,3.273,3.302,3.354,3.475,3.38,3.357
2024-03-13,3.345,3.251,3.272,3.331,3.468,3.374,3.339
2024-03-12,3.361,3.273,3.284,3.335,3.47,3.379,3.35
2024-03-11,3.395,3.275,3.284,3.342,3.465,3.37,3.345
2024-03-08,3.407,3.271,3.306,3.334,3.46,3.37,3.335
2024-03-07,3.442,3.321,3.364,3.399,3.47,3.397,3.384
2024-03-06,3.447,3.325,3.362,3.381,3.468,3.396,3.381
2024-03-05,3.463,3.349,3.387,3.409,3.471,3.41,3.413
2024-03-04,3.469,3.36,3.403,3.434,3.466,3.406,3.416
2024-02-29,3.496,3.385,3.432,3.475,3.464,3.418,3.444
2024-02-28,3.487,3.359,3.4,3.442,3.45,3.401,3.43
2024-02-27,3.49,3.364,3.4,3.43,3.445,3.394,3.434
2024-02-26,3.477,3.34,3.379,3.402,3.439,3.384,3.414
2024-02-23,3.494,3.374,3.43,3.468,3.445,3.402,3.448
2024-02-22,3.466,3.342,3.391,3.424,3.431,3.37,3.416
2024-02-21,3.486,3.402,3.443,3.474,3.441,3.406,3.463
2024-02-20,3.474,3.405,3.452,3.489,3.439,3.407,3.461
2024-02-19,3.45,3.397,3.437,3.467,3.43,3.397,3.445
2024-02-16,3.449,3.405,3.447,3.482,3.431,3.397,3.455
2024-02-15,3.439,3.405,3.441,3.477,3.43,3.396,3.451
2024-02-14,3.454,3.425,3.457,3.502,3.443,3.419,3.465
2024-02-13,3.417,3.353,3.391,3.453,3.425,3.377,3.397
2024-02-08,3.384,3.305,3.337,3.4,3.418,3.353,3.367
2024-02-07,3.367,3.286,3.318,3.378,3.413,3.345,3.357
2024-02-06,3.365,3.292,3.322,3.382,3.416,3.346,3.359
2024-02-05,3.371,3.312,3.339,3.374,3.424,3.359,3.372
2024-02-02,3.333,3.248,3.26,3.287,3.401,3.308,3.304
2024-02-01,3.338,3.267,3.293,3.339,3.402,3.314,3.319
2024-01-31,3.336,3.261,3.294,3.345,3.399,3.31,3.312
2024-01-30,3.331,3.268,3.305,3.35,3.396,3.302,3.318
2024-01-29,3.349,3.304,3.363,3.436,3.4,3.32,3.35
2024-01-26,3.318,3.263,3.314,3.386,3.388,3.288,3.311
2024-01-25,3.347,3.313,3.361,3.419,3.396,3.306,3.35
2024-01-24,3.345,3.3,3.343,3.4,3.395,3.297,3.349
2024-01-23,3.338,3.286,3.325,3.372,3.392,3.29,3.339
2024-01-22,3.329,3.278,3.318,3.372,3.386,3.285,3.326
2024-01-19,3.365,3.307,3.359,3.422,3.398,3.306,3.347
2024-01-18,3.374,3.285,3.329,3.38,3.398,3.3,3.332
2024-01-17,3.372,3.277,3.315,3.369,3.4,3.304,3.332
2024-01-16,3.369,3.235,3.269,3.322,3.401,3.3,3.297
2024-01-15,3.352,3.191,3.225,3.293,3.398,3.284,3.259
2024-01-12,3.371,3.204,3.241,3.306,3.405,3.298,3.266
2024-01-11,3.395,3.227,3.257,3.307,3.415,3.312,3.293
2024-01-10,3.427,3.269,3.297,3.346,3.426,3.34,3.334
2024-01-09,3.424,3.255,3.274,3.323,3.423,3.334,3.32
2024-01-08,3.455,3.297,3.312,3.344,3.456,3.372,3.37
2024-01-05,3.46,3.283,3.312,3.344,3.467,3.389,3.358
2024-01-04,3.451,3.227,3.256,3.288,3.462,3.379,3.317
2024-01-03,3.471,3.278,3.313,3.338,3.475,3.432,3.386
2024-01-02,3.466,3.24,3.266,3.306,3.477,3.435,3.349
2023-12-29,3.434,3.154,3.156,3.183,3.475,3.41,3.28
2023-12-28,3.434,3.154,3.156,3.183,3.475,3.41,3.28
2023-12-27,3.46,3.22,3.222,3.26,3.486,3.436,3.336
2023-12-26,3.459,3.221,3.227,3.271,3.486,3.433,3.334
2023-12-22,3.453,3.234,3.254,3.301,3.486,3.431,3.338
2023-12-21,3.454,3.236,3.255,3.297,3.484,3.428,3.342
2023-12-20,3.462,3.232,3.25,3.28,3.483,3.417,3.344
2023-12-19,3.487,3.296,3.307,3.328,3.49,3.444,3.393
2023-12-18,3.483,3.277,3.301,3.336,3.495,3.444,3.375
2023-12-15,3.489,3.281,3.312,3.358,3.498,3.458,3.37
2023-12-14,3.484,3.258,3.288,3.332,3.498,3.463,3.354
2023-12-13,3.581,3.465,3.5,3.525,3.561,3.582,3.565
2023-12-12,3.561,3.446,3.491,3.527,3.559,3.57,3.55
2023-12-11,3.575,3.48,3.522,3.566,3.569,3.583,3.578
2023-12-08,3.56,3.461,3.479,3.534,3.562,3.559,3.537
2023-12-07,3.576,3.511,3.52,3.576,3.569,3.571,3.56
2023-12-06,3.561,3.463,3.482,3.533,3.561,3.554,3.522
2023-12-05,3.574,3.484,3.518,3.579,3.562,3.566,3.531
2023-12-04,3.595,3.531,3.559,3.626,3.57,3.59,3.565
2023-12-01,3.639,3.587,3.622,3.699,3.583,3.628,3.614
2023-11-30,3.653,3.583,3.621,3.699,3.586,3.638,3.622
2023-11-29,3.656,3.554,3.578,3.641,3.589,3.628,3.604
2023-11-28,3.696,3.648,3.67,3.726,3.606,3.671,3.694
2023-11-27,3.716,3.689,3.722,3.767,3.613,3.696,3.731
2023-11-24,3.707,3.677,3.721,3.779,3.609,3.688,3.728
2023-11-23,3.702,3.644,3.677,3.712,3.603,3.665,3.697
2023-11-22,3.72,3.666,3.704,3.762,3.605,3.673,3.708
2023-11-21,3.715,3.644,3.676,3.726,3.598,3.663,3.687
2023-11-20,3.729,3.667,3.7,3.755,3.594,3.659,3.699
2023-11-17,3.741,3.681,3.718,3.796,3.594,3.661,3.724
2023-11-16,3.75,3.701,3.724,3.799,3.595,3.672,3.756
2023-11-15,3.75,3.744,3.759,3.815,3.595,3.671,3.787
2023-11-14,3.792,3.857,3.905,3.98,3.611,3.714,3.874
2023-11-13,3.793,3.877,3.927,4.005,3.619,3.718,3.881
2023-11-10,3.765,3.862,3.905,3.969,3.621,3.707,3.864
2023-11-09,3.734,3.847,3.886,3.945,3.616,3.697,3.848
2023-11-08,3.731,3.868,3.929,4.022,3.617,3.7,3.866
2023-11-07,3.722,3.887,3.961,4.055,3.618,3.71,3.88
2023-11-06,3.693,3.877,3.954,4.056,3.608,3.701,3.879
2023-11-03,3.693,3.949,4.021,4.105,3.619,3.715,3.937
2023-11-02,3.687,3.979,4.07,4.168,3.617,3.708,3.943
2023-11-01,3.731,4.071,4.173,4.288,3.634,3.751,3.991
2023-10-31,3.74,4.085,4.203,4.325,3.634,3.756,4.002
2023-10-30,3.745,4.089,4.201,4.312,3.635,3.755,4.006
2023-10-27,3.749,4.073,4.17,4.28,3.634,3.748,3.993
2023-10-26,3.761,4.104,4.237,4.392,3.64,3.762,4.012
2023-10-25,3.743,4.038,4.157,4.281,3.635,3.743,3.971
2023-10-24,3.738,4.004,4.14,4.269,3.635,3.728,3.93
2023-10-23,3.761,4.055,4.225,4.374,3.641,3.744,3.961
2023-10-20,3.749,4.033,4.183,4.327,3.632,3.731,3.935
2023-10-19,3.767,4.07,4.214,4.362,3.634,3.748,3.969
2023-10-18,3.753,4.031,4.151,4.287,3.63,3.738,3.951
2023-10-17,3.738,3.991,4.092,4.224,3.626,3.727,3.925
2023-10-16,3.739,3.973,4.064,4.191,3.63,3.729,3.913
2023-10-13,3.728,3.957,4.036,4.169,3.635,3.731,3.901
2023-10-12,3.704,3.932,4.004,4.101,3.631,3.722,3.887
2023-10-11,3.713,3.953,4.039,4.142,3.64,3.742,3.916
2023-10-10,3.723,3.997,4.087,4.219,3.642,3.752,3.958
2023-10-06,3.722,4.015,4.105,4.24,3.642,3.754,3.979
2023-10-05,3.744,4.081,4.18,4.322,3.657,3.773,4.047
2023-10-04,3.757,4.108,4.203,4.351,3.657,3.772,4.081
2023-09-27,3.661,3.884,3.942,4.03,3.629,3.684,3.884
2023-09-26,3.66,3.891,3.954,4.054,3.631,3.687,3.897
2023-09-25,3.651,3.876,3.927,4.012,3.627,3.677,3.885
2023-09-22,3.658,3.876,3.921,4.001,3.623,3.667,3.889
2023-09-21,3.672,3.93,3.973,4.031,3.629,3.687,3.939
2023-09-20,3.653,3.89,3.916,3.963,3.622,3.668,3.901
2023-09-19,3.652,3.887,3.916,3.952,3.622,3.668,3.906
2023-09-18,3.664,3.891,3.934,3.982,3.622,3.679,3.917
2023-09-15,3.645,3.85,3.881,3.928,3.616,3.658,3.881
2023-09-14,3.633,3.836,3.863,3.917,3.609,3.644,3.866
2023-09-13,3.629,3.853,3.88,3.949,3.612,3.649,3.882
2023-09-12,3.622,3.863,3.89,3.965,3.606,3.648,3.89
2023-09-11,3.607,3.865,3.894,3.961,3.6,3.66,3.892
2023-09-08,3.562,3.795,3.837,3.895,3.59,3.619,3.829
2023-09-07,3.568,3.847,3.893,3.969,3.589,3.647,3.872
2023-09-06,3.514,3.765,3.816,3.893,3.579,3.613,3.804
2023-09-05,3.528,3.765,3.814,3.886,3.579,3.629,3.798
2023-09-04,3.518,3.738,3.778,3.856,3.568,3.615,3.769
2023-09-01,3.497,3.689,3.717,3.778,3.555,3.579,3.728
2023-08-31,3.5,3.711,3.75,3.821,3.559,3.582,3.741
2023-08-30,3.515,3.732,3.78,3.85,3.559,3.589,3.76
2023-08-29,3.526,3.74,3.776,3.844,3.559,3.587,3.767
2023-08-28,3.534,3.759,3.796,3.872,3.565,3.596,3.785
2023-08-25,3.539,3.789,3.843,3.935,3.569,3.607,3.801
2023-08-24,3.511,3.759,3.803,3.878,3.568,3.593,3.773
2023-08-23,3.508,3.771,3.825,3.92,3.571,3.596,3.779
2023-08-22,3.514,3.802,3.867,3.986,3.575,3.612,3.801
2023-08-21,3.51,3.795,3.863,3.973,3.571,3.609,3.792
2023-08-18,3.471,3.729,3.804,3.914,3.556,3.576,3.738
2023-08-17,3.49,3.788,3.865,3.976,3.566,3.603,3.789
2023-08-16,3.462,3.712,3.767,3.867,3.56,3.59,3.735
2023-08-14,3.489,3.747,3.796,3.889,3.572,3.614,3.774
2023-08-11,3.476,3.698,3.734,3.824,3.555,3.597,3.736
2023-08-10,3.475,3.687,3.709,3.786,3.558,3.589,3.725
2023-08-09,3.474,3.672,3.691,3.774,3.557,3.581,3.714
2023-08-08,3.466,3.647,3.656,3.74,3.561,3.565,3.693
2023-08-07,3.475,3.689,3.712,3.814,3.579,3.58,3.726
2023-08-04,3.498,3.738,3.779,3.876,3.58,3.609,3.766
2023-08-03,3.494,3.714,3.755,3.861,3.579,3.605,3.746
2023-08-02,3.494,3.677,3.717,3.793,3.578,3.599,3.721
2023-08-01,3.494,3.647,3.667,3.727,3.575,3.586,3.702
2023-07-31,3.523,3.681,3.697,3.761,3.582,3.608,3.726
2023-07-28,3.521,3.635,3.643,3.728,3.582,3.594,3.695
2023-07-27,3.506,3.587,3.588,3.637,3.572,3.562,3.644
2023-07-26,3.524,3.627,3.622,3.658,3.581,3.586,3.679
2023-07-25,3.551,3.645,3.643,3.684,3.586,3.598,3.694
2023-07-24,3.548,3.617,3.607,3.64,3.585,3.59,3.663
2023-07-21,3.551,3.602,3.601,3.636,3.586,3.592,3.653
2023-07-20,3.552,3.581,3.581,3.606,3.58,3.599,3.642
2023-07-19,3.542,3.543,3.542,3.575,3.577,3.572,3.605
2023-07-18,3.58,3.596,3.609,3.651,3.59,3.586,3.644
2023-07-17,3.588,3.611,3.619,3.66,3.595,3.597,3.661
2023-07-14,3.592,3.614,3.631,3.685,3.601,3.6,3.67
2023-07-13,3.574,3.602,3.61,3.657,3.608,3.584,3.658
2023-07-12,3.627,3.704,3.72,3.756,3.623,3.642,3.761
2023-07-11,3.629,3.703,3.721,3.758,3.624,3.639,3.751
2023-07-10,3.665,3.795,3.81,3.863,3.627,3.684,3.825
2023-07-07,3.623,3.735,3.733,3.761,3.592,3.641,3.78
2023-07-06,3.59,3.676,3.675,3.713,3.566,3.616,3.732
2023-07-05,3.564,3.618,3.606,3.644,3.556,3.586,3.685
2023-07-04,3.562,3.619,3.597,3.623,3.552,3.583,3.68
2023-07-03,3.559,3.613,3.59,3.607,3.548,3.576,3.674
2023-06-30,3.563,3.662,3.663,3.675,3.548,3.604,3.734
2023-06-29,3.525,3.584,3.589,3.626,3.529,3.561,3.667
2023-06-28,3.508,3.557,3.574,3.611,3.521,3.545,3.648
2023-06-27,3.501,3.538,3.565,3.603,3.52,3.539,3.642
2023-06-26,3.505,3.568,3.576,3.611,3.523,3.539,3.651
2023-06-23,3.51,3.609,3.617,3.663,3.528,3.57,3.69
2023-06-22,3.506,3.592,3.598,3.647,3.525,3.555,3.676
2023-06-21,3.502,3.571,3.581,3.621,3.52,3.532,3.646
2023-06-20,3.503,3.567,3.579,3.642,3.52,3.531,3.633
2023-06-19,3.514,3.583,3.593,3.633,3.519,3.544,3.653
2023-06-16,3.502,3.585,3.601,3.657,3.517,3.535,3.64
2023-06-15,3.507,3.626,3.636,3.685,3.523,3.555,3.676
2023-06-14,3.489,3.545,3.574,3.635,3.508,3.526,3.606
2023-06-13,3.467,3.484,3.502,3.578,3.498,3.496,3.55
2023-06-12,3.492,3.493,3.502,3.576,3.504,3.513,3.567
2023-06-09,3.503,3.506,3.495,3.613,3.503,3.516,3.573
2023-06-08,3.531,3.543,3.533,3.632,3.524,3.545,3.609
2023-06-07,3.514,3.471,3.449,3.522,3.506,3.525,3.554
2023-06-05,3.538,3.502,3.489,3.561,3.522,3.552,3.591
2023-06-02,3.51,3.436,3.405,3.495,3.497,3.53,3.522
2023-06-01,3.546,3.478,3.464,3.549,3.517,3.556,3.56
2023-05-31,3.54,3.459,3.45,3.532,3.527,3.551,3.538
2023-05-30,3.569,3.56,3.582,3.651,3.545,3.596,3.634
2023-05-26,3.538,3.524,3.55,3.639,3.527,3.569,3.604
2023-05-25,3.513,3.48,3.498,3.597,3.495,3.53,3.551
2023-05-24,3.464,3.378,3.399,3.502,3.467,3.476,3.461
2023-05-23,3.47,3.373,3.385,3.473,3.462,3.486,3.456
2023-05-22,3.447,3.321,3.322,3.398,3.439,3.456,3.405
2023-05-19,3.445,3.34,3.333,3.419,3.428,3.461,3.436
2023-05-18,3.426,3.316,3.293,3.367,3.389,3.429,3.409
2023-05-17,3.416,3.274,3.238,3.319,3.368,3.409,3.368
2023-05-16,3.392,3.242,3.215,3.303,3.347,3.369,3.33
2023-05-15,3.391,3.279,3.255,3.332,3.328,3.36,3.36
2023-05-12,3.35,3.225,3.2,3.274,3.297,3.298,3.324
2023-05-11,3.344,3.22,3.205,3.292,3.287,3.288,3.318
2023-05-10,3.353,3.273,3.258,3.341,3.289,3.298,3.36
2023-05-09,3.344,3.256,3.24,3.318,3.283,3.293,3.355
2023-05-08,3.342,3.261,3.239,3.31,3.277,3.305,3.352
2023-05-04,3.326,3.21,3.195,3.278,3.269,3.282,3.298
2023-05-03,3.335,3.281,3.269,3.324,3.273,3.306,3.352
2023-05-02,3.324,3.335,3.331,3.372,3.269,3.319,3.389
2023-04-28,3.281,3.293,3.292,3.36,3.253,3.293,3.346
2023-04-27,3.253,3.288,3.273,3.342,3.243,3.267,3.326
2023-04-26,3.219,3.259,3.259,3.309,3.232,3.243,3.308
2023-04-25,3.228,3.265,3.273,3.323,3.235,3.257,3.316
2023-04-24,3.217,3.23,3.252,3.306,3.236,3.243,3.278
2023-04-21,3.218,3.267,3.275,3.343,3.237,3.243,3.286
2023-04-20,3.234,3.334,3.338,3.409,3.241,3.26,3.344
2023-04-19,3.237,3.337,3.334,3.37,3.239,3.268,3.361
2023-04-18,3.228,3.294,3.288,3.352,3.234,3.254,3.317
2023-04-17,3.242,3.287,3.284,3.349,3.232,3.266,3.312
2023-04-14,3.235,3.215,3.203,3.286,3.228,3.242,3.242
2023-04-13,3.235,3.199,3.194,3.273,3.229,3.237,3.233
2023-04-12,3.272,3.233,3.214,3.262,3.23,3.254,3.28
2023-04-11,3.279,3.231,3.191,3.255,3.229,3.247,3.254
2023-04-10,3.263,3.192,3.165,3.236,3.228,3.222,3.226
2023-04-07,3.282,3.24,3.211,3.289,3.241,3.254,3.28
2023-04-06,3.275,3.211,3.194,3.278,3.242,3.249,3.263
2023-04-05,3.289,3.264,3.232,3.326,3.258,3.278,3.332
2023-04-04,3.281,3.279,3.253,3.316,3.263,3.283,3.335
2023-04-03,3.308,3.342,3.338,3.389,3.283,3.322,3.391
2023-03-31,3.274,3.27,3.274,3.34,3.287,3.295,3.343
2023-03-30,3.269,3.24,3.253,3.305,3.3,3.293,3.301
2023-03-29,3.287,3.249,3.25,3.28,3.327,3.311,3.317
2023-03-28,3.288,3.258,3.26,3.281,3.338,3.32,3.347
2023-03-27,3.29,3.22,3.224,3.258,3.345,3.317,3.32
2023-03-24,3.285,3.16,3.159,3.21,3.345,3.305,3.27
2023-03-23,3.29,3.206,3.186,3.266,3.353,3.318,3.315
2023-03-22,3.292,3.284,3.262,3.287,3.36,3.328,3.362
2023-03-21,3.301,3.294,3.274,3.304,3.375,3.332,3.368
2023-03-20,3.296,3.264,3.257,3.304,3.379,3.355,3.335
2023-03-17,3.355,3.415,3.373,3.406,3.42,3.429,3.472
2023-03-16,3.385,3.4,3.364,3.394,3.421,3.424,3.455
2023-03-15,3.469,3.473,3.424,3.418,3.436,3.492,3.529
2023-03-14,3.484,3.381,3.344,3.337,3.454,3.481,3.455
2023-03-13,3.538,3.435,3.398,3.405,3.489,3.54,3.498
2023-03-10,3.651,3.703,3.617,3.584,3.527,3.674,3.759
2023-03-09,3.692,3.858,3.817,3.739,3.557,3.759,3.907
2023-03-08,3.696,3.855,3.822,3.72,3.556,3.744,3.906
2023-03-07,3.666,3.726,3.719,3.661,3.549,3.688,3.783
2023-03-06,3.699,3.774,3.783,3.731,3.568,3.717,3.821
2023-03-03,3.707,3.791,3.818,3.776,3.571,3.721,3.842
2023-03-02,3.74,3.878,3.907,3.84,3.583,3.768,3.947
2023-02-28,3.701,3.797,3.829,3.753,3.573,3.727,3.887
2023-02-27,3.652,3.683,3.692,3.619,3.558,3.662,3.789
2023-02-24,3.582,3.555,3.565,3.525,3.511,3.607,3.653
2023-02-23,3.602,3.599,3.628,3.595,3.509,3.618,3.702
2023-02-22,3.607,3.645,3.682,3.639,3.518,3.635,3.739
2023-02-21,3.592,3.623,3.639,3.6,3.512,3.614,3.703
2023-02-20,3.616,3.677,3.685,3.641,3.52,3.629,3.747
2023-02-17,3.61,3.639,3.651,3.626,3.51,3.612,3.693
2023-02-16,3.54,3.504,3.504,3.476,3.468,3.546,3.562
2023-02-15,3.546,3.502,3.5,3.471,3.458,3.546,3.555
2023-02-14,3.493,3.429,3.421,3.398,3.436,3.5,3.482
2023-02-13,3.478,3.452,3.462,3.43,3.423,3.502,3.508
2023-02-10,3.451,3.398,3.386,3.365,3.402,3.466,3.454
2023-02-09,3.46,3.401,3.389,3.362,3.405,3.472,3.462
2023-02-08,3.445,3.339,3.323,3.32,3.412,3.456,3.4
2023-02-07,3.447,3.315,3.29,3.297,3.412,3.459,3.406
2023-02-06,3.459,3.283,3.268,3.283,3.416,3.462,3.397
2023-02-03,3.4,3.11,3.096,3.148,3.392,3.391,3.234
2023-02-02,3.424,3.183,3.174,3.207,3.411,3.422,3.321
2023-02-01,3.447,3.263,3.243,3.239,3.435,3.449,3.394
2023-01-31,3.489,3.325,3.299,3.297,3.463,3.485,3.438
2023-01-30,3.472,3.271,3.24,3.238,3.463,3.469,3.391
2023-01-27,3.506,3.304,3.268,3.283,3.486,3.483,3.431
2023-01-26,3.531,3.273,3.233,3.231,3.483,3.472,3.398
2023-01-25,3.535,3.285,3.241,3.229,3.486,3.472,3.39
2023-01-20,3.548,3.33,3.295,3.279,3.474,3.483,3.404
2023-01-19,3.532,3.248,3.223,3.222,3.469,3.473,3.344
2023-01-18,3.572,3.39,3.353,3.337,3.494,3.52,3.415
2023-01-17,3.605,3.484,3.446,3.444,3.501,3.581,3.503
2023-01-16,3.599,3.454,3.365,3.383,3.49,3.572,3.473
2023-01-13,3.554,3.369,3.275,3.3,3.425,3.522,3.414
2023-01-12,3.596,3.466,3.403,3.412,3.416,3.573,3.497
2023-01-11,3.571,3.472,3.401,3.417,3.402,3.566,3.505
2023-01-10,3.588,3.556,3.485,3.462,3.406,3.581,3.585
2023-01-09,3.583,3.577,3.494,3.477,3.399,3.552,3.584
2023-01-06,3.607,3.681,3.624,3.573,3.424,3.597,3.696
2023-01-05,3.649,3.644,3.607,3.571,3.432,3.622,3.675
2023-01-04,3.669,3.632,3.616,3.597,3.463,3.63,3.679
2023-01-03,3.705,3.661,3.674,3.661,3.491,3.678,3.731
2023-01-02,3.769,3.782,3.809,3.811,3.541,3.784,3.837
2022-12-30,3.773,3.722,3.743,3.73,3.547,3.796,3.801
2022-12-29,3.777,3.719,3.745,3.726,3.549,3.805,3.801
2022-12-28,3.767,3.668,3.676,3.673,3.538,3.787,3.77
2022-12-27,3.775,3.662,3.646,3.611,3.532,3.782,3.774
2022-12-26,3.794,3.663,3.636,3.639,3.526,3.793,3.802
2022-12-23,3.769,3.623,3.567,3.552,3.511,3.776,3.783
2022-12-22,3.742,3.567,3.491,3.495,3.496,3.746,3.72
2022-12-21,3.751,3.638,3.546,3.566,3.49,3.765,3.773
2022-12-20,3.768,3.685,3.618,3.603,3.489,3.796,3.834
2022-12-19,3.691,3.545,3.445,3.395,3.455,3.722,3.711
2022-12-16,3.659,3.539,3.442,3.36,3.43,3.713,3.694
2022-12-15,3.64,3.536,3.44,3.38,3.418,3.702,3.683
2022-12-14,3.622,3.53,3.471,3.406,3.401,3.667,3.675
2022-12-13,3.649,3.623,3.583,3.469,3.411,3.703,3.766
2022-12-12,3.646,3.623,3.578,3.448,3.398,3.687,3.752
2022-12-09,3.656,3.657,3.566,3.491,3.394,3.689,3.764
2022-12-08,3.662,3.676,3.614,3.53,3.381,3.683,3.79
2022-12-07,3.659,3.672,3.62,3.523,3.362,3.658,3.792
2022-12-06,3.663,3.633,3.597,3.504,3.349,3.652,3.728
2022-12-05,3.662,3.609,3.607,3.549,3.346,3.656,3.693
2022-12-02,3.678,3.616,3.632,3.583,3.359,3.706,3.717
2022-12-01,3.702,3.65,3.682,3.663,3.39,3.742,3.753
2022-11-30,3.725,3.689,3.697,3.667,3.395,3.775,3.797
2022-11-29,3.753,3.723,3.723,3.673,3.398,3.788,3.833
2022-11-28,3.748,3.669,3.673,3.606,3.389,3.754,3.795
2022-11-25,3.755,3.644,3.67,3.623,3.348,3.736,3.766
2022-11-24,3.788,3.689,3.718,3.622,3.345,3.777,3.816
2022-11-23,3.84,3.849,3.864,3.774,3.367,3.855,3.936
2022-11-22,3.844,3.844,3.854,3.773,3.375,3.849,3.942
2022-11-21,3.834,3.837,3.863,3.764,3.375,3.827,3.934
2022-11-18,3.831,3.787,3.85,3.801,3.385,3.835,3.876
2022-11-17,3.835,3.804,3.867,3.853,3.374,3.831,3.881
2022-11-16,3.84,3.808,3.866,3.896,3.364,3.82,3.889
2022-11-15,3.831,3.753,3.816,3.861,3.348,3.793,3.828
2022-11-14,3.871,3.85,3.928,3.928,3.355,3.821,3.905
2022-11-11,3.836,3.834,3.894,3.894,3.326,3.758,3.886
2022-11-10,3.905,4.033,4.097,4.07,3.343,3.869,4.1
2022-11-09,3.911,4.086,4.179,4.177,3.335,3.851,4.148
2022-11-08,3.93,4.156,4.256,4.236,3.333,3.872,4.245
2022-11-07,3.93,4.186,4.284,4.258,3.331,3.875,4.287
2022-11-04,3.902,4.118,4.2,4.182,3.303,3.845,4.241
2022-11-03,3.901,4.158,4.24,4.197,3.301,3.856,4.257
2022-11-02,3.863,4.095,4.158,4.143,3.274,3.777,4.18
2022-11-01,3.766,4.068,4.121,4.135,3.255,3.707,4.179
2022-10-31,3.783,4.185,4.263,4.242,3.259,3.743,4.257
2022-10-28,3.728,4.112,4.192,4.167,3.216,3.677,4.186
2022-10-27,3.753,4.254,4.359,4.313,3.209,3.707,4.308
2022-10-26,3.719,4.208,4.32,4.279,3.147,3.668,4.245
2022-10-25,3.71,4.221,4.383,4.346,3.138,3.666,4.235
2022-10-24,3.736,4.305,4.491,4.503,3.126,3.687,4.322
2022-10-21,3.801,4.495,4.638,4.632,3.114,3.728,4.465
2022-10-20,3.674,4.35,4.463,4.439,3.073,3.64,4.355
2022-10-19,3.649,4.331,4.406,4.396,3.067,3.62,4.343
2022-10-18,3.573,4.242,4.293,4.277,3.057,3.55,4.258
2022-10-17,3.568,4.239,4.245,4.215,3.059,3.533,4.231
2022-10-14,3.544,4.207,4.207,4.181,3.044,3.495,4.193
2022-10-13,3.543,4.203,4.221,4.239,3.064,3.493,4.201
2022-10-12,3.455,4.107,4.118,4.11,3.052,3.415,4.1
2022-10-11,3.546,4.342,4.306,4.306,2.807,3.495,4.321
2022-10-07,3.487,4.276,4.22,4.214,2.795,3.497,4.238
2022-10-06,3.43,4.145,4.13,4.102,2.784,3.554,4.168
2022-10-05,3.415,4.157,4.132,4.102,2.792,3.559,4.154
2022-10-04,3.331,4.081,4.049,4.006,2.776,3.539,4.087
2022-09-30,3.382,4.186,4.175,4.096,2.813,3.65,4.25
2022-09-29,3.454,4.303,4.335,4.229,2.88,3.74,4.378
2022-09-28,3.488,4.338,4.374,4.332,2.883,3.759,4.418
2022-09-27,3.484,4.304,4.348,4.208,2.864,3.729,4.373
2022-09-26,3.604,4.548,4.563,4.335,2.881,3.78,4.53
2022-09-23,3.342,4.199,4.193,4.112,2.797,3.54,4.191
2022-09-22,3.278,4.104,4.114,3.997,2.733,3.441,4.107
2022-09-21,3.175,3.847,3.905,3.891,2.666,3.325,3.849
2022-09-20,3.167,3.823,3.83,3.836,2.651,3.288,3.817
2022-09-19,3.194,3.759,3.782,3.794,2.651,3.279,3.748
2022-09-16,3.211,3.767,3.767,3.772,2.651,3.28,3.742
2022-09-15,3.228,3.77,3.778,3.791,2.645,3.258,3.729
2022-09-14,3.21,3.585,3.619,3.651,2.628,3.227,3.55
2022-09-13,3.155,3.536,3.596,3.62,2.604,3.176,3.503
2022-09-08,3.144,3.543,3.607,3.622,2.605,3.169,3.545
2022-09-07,3.232,3.685,3.753,3.736,2.638,3.244,3.688
2022-09-06,3.242,3.682,3.736,3.712,2.648,3.25,3.679
2022-09-05,3.205,3.616,3.686,3.67,2.602,3.222,3.614
2022-09-02,3.25,3.678,3.769,3.738,2.644,3.264,3.676
2022-09-01,3.303,3.778,3.868,3.805,2.674,3.315,3.779
2022-08-31,3.268,3.685,3.781,3.721,2.652,3.281,3.717
2022-08-30,3.244,3.642,3.742,3.695,2.634,3.244,3.664
2022-08-29,3.272,3.653,3.761,3.715,2.642,3.265,3.68
2022-08-26,3.209,3.525,3.615,3.616,2.617,3.211,3.527
2022-08-25,3.19,3.531,3.598,3.593,2.592,3.206,3.505
2022-08-24,3.046,3.311,3.39,3.433,2.437,3.038,3.289
2022-08-23,2.99,3.281,3.343,3.361,2.404,2.984,3.243
2022-08-22,2.961,3.245,3.316,3.342,2.383,2.951,3.194
2022-08-19,2.925,3.197,3.276,3.31,2.365,2.931,3.146
2022-08-18,2.887,3.125,3.188,3.221,2.344,2.904,3.085
2022-08-17,2.882,3.087,3.142,3.188,2.323,2.888,3.063
2022-08-16,2.862,3.078,3.123,3.156,2.308,2.868,3.045
2022-08-12,2.902,3.181,3.239,3.282,2.33,2.92,3.149
2022-08-11,2.894,3.124,3.172,3.219,2.323,2.901,3.122
2022-08-10,2.902,3.154,3.181,3.207,2.328,2.929,3.141
2022-08-09,2.899,3.134,3.152,3.166,2.323,2.916,3.118
2022-08-08,2.9,3.134,3.151,3.177,2.325,2.923,3.125
2022-08-05,2.876,3.079,3.099,3.124,2.31,2.894,3.073
2022-08-04,2.892,3.114,3.134,3.152,2.325,2.94,3.107
2022-08-03,2.901,3.065,3.108,3.131,2.33,2.976,3.081
2022-08-02,2.891,3.012,3.049,3.088,2.321,2.974,3.014
2022-08-01,2.924,3.081,3.13,3.184,2.328,3.003,3.077
2022-07-29,2.902,3.009,3.067,3.127,2.296,3.006,3.008
2022-07-28,2.949,3.13,3.182,3.201,2.305,3.038,3.118
2022-07-27,2.932,3.09,3.15,3.121,2.294,3.013,3.08
2022-07-26,2.931,3.121,3.201,3.183,2.288,2.997,3.097
2022-07-25,2.929,3.153,3.225,3.211,2.284,2.988,3.095
2022-07-22,2.943,3.218,3.299,3.302,2.276,2.993,3.145
2022-07-21,2.973,3.294,3.373,3.374,2.3,3.025,3.217
2022-07-20,2.985,3.296,3.372,3.36,2.308,3.038,3.225
2022-07-19,2.974,3.192,3.258,3.253,2.292,3.013,3.138
2022-07-18,2.996,3.212,3.282,3.27,2.3,3.05,3.164
2022-07-15,2.997,3.205,3.271,3.242,2.429,2.994,3.158
2022-07-14,3.011,3.26,3.317,3.295,2.497,3.025,3.218
2022-07-13,2.97,3.211,3.278,3.301,2.198,2.904,3.191
2022-07-12,2.984,3.291,3.345,3.349,1.964,2.904,3.256
2022-07-11,2.974,3.324,3.376,3.385,1.972,2.919,3.306
2022-07-08,2.959,3.315,3.345,3.36,1.948,2.902,3.297
2022-07-07,2.92,3.262,3.297,3.307,1.92,2.852,3.268
2022-07-06,2.909,3.239,3.283,3.295,1.912,2.832,3.248
2022-07-05,2.954,3.301,3.367,3.379,1.927,2.869,3.281
2022-07-04,2.959,3.43,3.497,3.489,1.926,2.872,3.383
2022-07-01,2.964,3.439,3.495,3.49,1.876,2.832,3.4
2022-06-30,2.981,3.55,3.653,3.636,1.871,2.843,3.499
2022-06-29,2.9,3.552,3.685,3.667,1.852,2.734,3.493
2022-06-28,2.878,3.552,3.7,3.68,1.836,2.69,3.488
2022-06-27,2.876,3.568,3.726,3.72,1.839,2.669,3.475
2022-06-24,2.824,3.523,3.666,3.635,1.83,2.596,3.424
2022-06-23,2.836,3.608,3.769,3.726,1.839,2.579,3.498
2022-06-22,2.83,3.522,3.707,3.682,1.837,2.573,3.418
2022-06-21,2.834,3.663,3.834,3.775,1.85,2.607,3.523
2022-06-20,2.811,3.675,3.834,3.784,1.864,2.633,3.553
2022-06-17,2.819,3.745,3.855,3.795,1.859,2.671,3.577
2022-06-16,2.651,3.728,3.837,3.767,1.846,2.668,3.523
2022-06-15,2.541,3.666,3.822,3.795,1.805,2.588,3.405
2022-06-14,2.451,3.548,3.703,3.691,1.788,2.487,3.278
2022-06-13,2.416,3.514,3.679,3.654,1.793,2.445,3.239
2022-06-10,2.29,3.275,3.452,3.495,1.749,2.329,2.996
2022-06-09,2.234,3.171,3.414,3.471,1.748,2.279,2.978
2022-06-08,2.226,3.209,3.447,3.472,1.75,2.29,2.996
2022-06-07,2.222,3.232,3.502,3.538,1.758,2.229,3.028
2022-06-03,2.18,3.121,3.365,3.405,1.756,2.142,2.938
2022-06-02,2.181,3.125,3.366,3.421,1.762,2.101,2.935
2022-05-31,2.163,3.027,3.256,3.326,1.761,2.062,2.854
2022-05-30,2.131,2.942,3.144,3.211,1.747,2.022,2.78
2022-05-27,2.137,2.947,3.135,3.212,1.747,2.013,2.778
2022-05-26,2.129,2.955,3.149,3.238,1.718,2.005,2.787
2022-05-25,2.091,2.946,3.116,3.177,1.525,1.952,2.776
2022-05-24,2.092,2.967,3.152,3.214,1.521,1.965,2.792
2022-05-23,2.088,3.018,3.205,3.258,1.523,1.989,2.836
2022-05-20,2.072,3.011,3.203,3.245,1.518,1.968,2.829
2022-05-19,2.079,3.046,3.251,3.307,1.515,1.978,2.871
2022-05-18,2.078,3.069,3.269,3.32,1.509,1.976,2.885
2022-05-17,2.04,3.031,3.23,3.287,1.499,1.955,2.879
2022-05-16,2.041,3.046,3.225,3.277,1.492,1.943,2.893
2022-05-13,1.954,2.911,3.122,3.221,1.457,1.884,2.774
2022-05-12,1.95,2.9,3.098,3.169,1.449,1.874,2.771
2022-05-11,1.949,2.928,3.16,3.269,1.445,1.859,2.783
2022-05-10,1.981,3.046,3.297,3.403,1.449,1.879,2.889
2022-05-09,1.989,3.062,3.319,3.414,1.449,1.937,2.916
2022-05-06,2.017,3.146,3.369,3.431,1.465,1.971,2.964
2022-05-04,2.023,3.178,3.393,3.434,1.483,1.971,2.998
2022-05-03,2.01,3.139,3.353,3.406,1.485,1.94,2.951
2022-05-02,2.012,3.086,3.311,3.38,1.478,1.931,2.902
2022-04-29,1.97,2.958,3.172,3.242,1.477,1.895,2.782
2022-04-28,1.96,2.925,3.135,3.166,1.478,1.845,2.74
2022-04-27,1.958,2.899,3.122,3.185,1.48,1.874,2.686
2022-04-26,1.963,2.83,3.085,3.19,1.482,1.875,2.629
2022-04-25,1.972,2.857,3.097,3.188,1.498,1.888,2.643
2022-04-22,1.998,2.971,3.219,3.314,1.509,1.915,2.749
2022-04-21,1.991,2.927,3.177,3.296,1.509,1.901,2.734
2022-04-20,1.997,2.957,3.203,3.313,1.515,1.926,2.747
2022-04-19,1.995,2.981,3.212,3.35,1.512,1.951,2.785
2022-04-18,2.012,2.99,3.227,3.355,1.511,1.977,2.808
2022-04-15,2.023,2.944,3.166,3.301,1.509,1.979,2.767
2022-04-14,2.076,2.888,3.107,3.22,1.327,1.987,2.733
2022-04-13,2.152,3.001,3.196,3.287,1.328,2.058,2.889
2022-04-12,2.224,3.105,3.27,3.313,1.328,2.069,3.011
2022-04-11,2.223,3.186,3.303,3.305,1.329,2.058,3.045
2022-04-08,2.084,2.987,3.116,3.169,1.317,1.979,2.863
2022-04-07,2.012,2.905,3.046,3.128,1.299,1.922,2.732
2022-04-06,1.923,2.941,3.097,3.129,1.3,1.911,2.667
2022-04-05,1.852,2.879,3.029,3.08,1.293,1.86,2.561
2022-04-04,1.844,2.837,3.019,3.065,1.293,1.852,2.468
2022-04-01,1.823,2.784,2.942,3.007,1.306,1.824,2.413
2022-03-31,1.815,2.663,2.856,2.969,1.291,1.788,2.341
2022-03-30,1.792,2.615,2.801,2.885,1.282,1.753,2.314
2022-03-29,1.802,2.7,2.89,2.972,1.281,1.753,2.382
2022-03-28,1.75,2.747,2.97,3.031,1.278,1.729,2.424
2022-03-25,1.632,2.505,2.713,2.871,1.226,1.615,2.176
2022-03-24,1.593,2.455,2.661,2.856,1.209,1.586,2.142
2022-03-23,1.585,2.426,2.646,2.828,1.204,1.563,2.121
2022-03-22,1.569,2.399,2.631,2.832,1.203,1.555,2.11
2022-03-21,1.523,2.268,2.53,2.741,1.189,1.525,2.004
2022-03-18,1.511,2.231,2.495,2.737,1.179,1.524,1.974
2022-03-17,1.508,2.217,2.469,2.704,1.176,1.522,1.944
2022-03-16,1.539,2.268,2.526,2.768,1.191,1.543,1.978
2022-03-15,1.548,2.285,2.534,2.753,1.204,1.551,2.004
2022-03-14,1.56,2.283,2.525,2.739,1.204,1.554,2.021
2022-03-11,1.546,2.255,2.485,2.7,1.199,1.557,2.02
2022-03-10,1.504,2.267,2.516,2.726,1.205,1.55,2.056
2022-03-08,1.507,2.287,2.523,2.722,1.199,1.519,2.084
2022-03-07,1.515,2.288,2.525,2.707,1.209,1.535,2.092
2022-03-04,1.503,2.214,2.463,2.658,1.204,1.502,2.003
2022-03-03,1.512,2.195,2.441,2.648,1.207,1.516,2.011
2022-03-02,1.487,2.187,2.406,2.613,1.199,1.51,1.994
2022-02-28,1.503,2.242,2.468,2.675,1.203,1.535,2.034
2022-02-25,1.498,2.244,2.468,2.671,1.201,1.536,2.036
2022-02-24,1.485,2.226,2.423,2.624,1.198,1.515,2.022
2022-02-23,1.5,2.317,2.522,2.722,1.207,1.546,2.09
2022-02-22,1.492,2.327,2.524,2.717,1.203,1.542,2.097
2022-02-21,1.502,2.363,2.566,2.77,1.225,1.56,2.128
2022-02-18,1.496,2.322,2.51,2.728,1.218,1.558,2.116
2022-02-17,1.481,2.295,2.483,2.708,1.215,1.547,2.111
2022-02-16,1.478,2.325,2.5,2.702,1.219,1.558,2.144
2022-02-15,1.483,2.345,2.524,2.71,1.224,1.563,2.172
2022-02-14,1.474,2.347,2.541,2.714,1.216,1.571,2.163
2022-02-11,1.475,2.343,2.564,2.747,1.221,1.584,2.162
2022-02-10,1.455,2.264,2.485,2.686,1.219,1.544,2.096
2022-02-09,1.46,2.279,2.507,2.691,1.219,1.541,2.102
2022-02-08,1.47,2.303,2.563,2.733,1.227,1.535,2.105
2022-02-07,1.47,2.237,2.466,2.638,1.23,1.537,2.055
2022-02-04,1.467,2.194,2.418,2.619,1.25,1.548,2.017
2022-02-03,1.452,2.158,2.373,2.566,1.246,1.529,1.975
2022-01-28,1.463,2.189,2.396,2.586,1.253,1.537,2.012
2022-01-27,1.473,2.217,2.432,2.612,1.259,1.551,2.042
2022-01-26,1.455,2.156,2.367,2.573,1.258,1.522,1.981
2022-01-25,1.453,2.174,2.393,2.576,1.265,1.499,1.973
2022-01-24,1.438,2.112,2.336,2.54,1.241,1.481,1.929
2022-01-21,1.443,2.132,2.352,2.54,1.246,1.481,1.937
2022-01-20,1.444,2.119,2.346,2.558,1.252,1.485,1.933
2022-01-19,1.433,2.073,2.301,2.537,1.236,1.46,1.905
2022-01-18,1.448,2.127,2.333,2.553,1.242,1.472,1.947
2022-01-17,1.455,2.148,2.351,2.568,1.242,1.476,1.966
2022-01-14,1.431,2.044,2.239,2.453,1.23,1.419,1.873
2022-01-13,1.404,1.953,2.159,2.397,1.212,1.38,1.808
2022-01-12,1.404,1.998,2.187,2.428,1.216,1.361,1.836
2022-01-11,1.417,2.038,2.25,2.485,1.228,1.369,1.886
2022-01-10,1.417,2.058,2.26,2.484,1.225,1.356,1.902
2022-01-07,1.397,2.015,2.255,2.458,1.006,1.347,1.883
2022-01-06,1.394,2.013,2.293,2.481,1.009,1.338,1.885
2022-01-05,1.341,1.913,2.152,2.375,1.0,1.306,1.765
2022-01-04,1.37,1.868,2.091,2.32,1.005,1.322,1.712
2022-01-03,1.363,1.855,2.08,2.325,1.001,1.319,1.693
2021-12-31,1.35,1.798,2.011,2.25,0.998,1.304,1.653
2021-12-30,1.349,1.799,2.014,2.248,0.997,1.301,1.653
2021-12-29,1.338,1.783,1.974,2.18,0.992,1.29,1.645
2021-12-28,1.338,1.786,1.991,2.198,0.994,1.297,1.661
2021-12-27,1.326,1.776,1.989,2.211,0.992,1.284,1.662
2021-12-24,1.327,1.798,1.997,2.206,0.998,1.293,1.675
2021-12-23,1.328,1.805,2.013,2.212,1.007,1.296,1.7
2021-12-22,1.301,1.757,1.938,2.147,0.995,1.279,1.67
2021-12-21,1.281,1.72,1.892,2.099,0.991,1.263,1.655
2021-12-20,1.271,1.74,1.91,2.107,0.991,1.263,1.66
2021-12-17,1.276,1.767,1.94,2.153,0.992,1.27,1.676
2021-12-16,1.285,1.766,1.938,2.147,0.993,1.278,1.679
2021-12-15,1.32,1.808,1.983,2.166,0.996,1.303,1.703
2021-12-14,1.322,1.784,1.977,2.169,0.994,1.308,1.695
2021-12-13,1.328,1.79,1.982,2.169,0.998,1.325,1.703
2021-12-10,1.329,1.805,2.0,2.201,1.001,1.346,1.726
2021-12-09,1.322,1.794,1.972,2.188,0.999,1.347,1.711
2021-12-08,1.32,1.831,2.002,2.185,0.997,1.356,1.748
2021-12-07,1.33,1.872,2.043,2.24,1.005,1.371,1.79
2021-12-06,1.328,1.865,2.013,2.213,1.004,1.378,1.78
2021-12-03,1.343,1.9,2.027,2.234,1.019,1.391,1.802
2021-12-02,1.327,1.845,1.986,2.198,1.018,1.373,1.759
2021-12-01,1.319,1.813,1.968,2.182,1.02,1.367,1.742
2021-11-30,1.292,1.799,2.008,2.213,1.015,1.344,1.708
2021-11-29,1.297,1.844,2.05,2.266,1.006,1.347,1.76
2021-11-26,1.288,1.863,2.05,2.255,0.995,1.333,1.764
2021-11-25,1.305,1.933,2.168,2.348,0.931,1.331,1.806
2021-11-24,1.323,2.013,2.237,2.394,0.917,1.343,1.863
2021-11-23,1.318,2.031,2.253,2.4,0.902,1.334,1.874
2021-11-22,1.307,2.018,2.238,2.386,0.884,1.311,1.863
2021-11-19,1.292,1.966,2.188,2.372,0.87,1.277,1.811
2021-11-18,1.29,1.953,2.156,2.338,0.863,1.269,1.798
2021-11-17,1.298,1.974,2.159,2.359,0.864,1.28,1.809
2021-11-16,1.305,1.963,2.14,2.333,0.865,1.286,1.805
2021-11-15,1.294,1.912,2.119,2.298,0.859,1.28,1.764
2021-11-12,1.314,1.968,2.166,2.344,0.863,1.309,1.775
2021-11-11,1.317,1.913,2.13,2.341,0.863,1.309,1.751
2021-11-10,1.32,1.877,2.113,2.309,0.856,1.322,1.742
2021-11-09,1.332,1.865,2.117,2.293,0.854,1.33,1.728
2021-11-08,1.37,1.906,2.146,2.329,0.859,1.357,1.779
2021-11-05,1.397,1.944,2.166,2.35,0.857,1.396,1.85
2021-11-04,1.429,2.04,2.252,2.428,0.875,1.419,1.922
2021-11-03,1.438,2.036,2.289,2.47,0.879,1.421,1.918
2021-11-02,1.456,2.038,2.301,2.48,0.885,1.424,1.9
2021-11-01,1.471,2.108,2.376,2.506,0.893,1.444,1.939
2021-10-29,1.41,2.103,2.405,2.575,0.891,1.409,1.934
2021-10-28,1.32,2.017,2.277,2.397,0.877,1.33,1.842
2021-10-27,1.299,2.044,2.338,2.487,0.841,1.305,1.793
2021-10-26,1.216,1.947,2.256,2.457,0.817,1.231,1.695
2021-10-25,1.184,1.919,2.24,2.426,0.81,1.202,1.682
2021-10-22,1.17,1.889,2.203,2.411,0.804,1.197,1.663
2021-10-21,1.144,1.836,2.154,2.388,0.799,1.178,1.637
2021-10-20,1.151,1.847,2.146,2.392,0.799,1.189,1.654
2021-10-19,1.157,1.866,2.134,2.379,0.798,1.194,1.67
2021-10-18,1.161,1.875,2.17,2.4,0.8,1.202,1.692
2021-10-15,1.135,1.795,2.098,2.356,0.791,1.172,1.635
2021-10-14,1.142,1.813,2.101,2.351,0.793,1.174,1.636
2021-10-13,1.151,1.824,2.13,2.401,0.798,1.182,1.628
2021-10-12,1.156,1.815,2.135,2.447,0.8,1.185,1.623
2021-10-08,1.124,1.701,2.049,2.374,0.777,1.161,1.539
2021-10-07,1.126,1.704,2.066,2.387,0.778,1.164,1.545
2021-10-06,1.137,1.719,2.082,2.399,0.78,1.164,1.548
2021-10-05,1.102,1.65,1.989,2.291,0.77,1.116,1.489
2021-10-01,1.102,1.633,1.961,2.258,0.771,1.115,1.473
2021-09-30,1.096,1.593,1.929,2.237,0.769,1.102,1.447
2021-09-29,1.1,1.603,1.933,2.223,0.773,1.102,1.448
2021-09-28,1.103,1.609,1.95,2.256,0.776,1.098,1.446
2021-09-27,1.081,1.566,1.888,2.168,0.772,1.081,1.406
2021-09-24,1.085,1.575,1.859,2.152,0.775,1.085,1.412
2021-09-23,1.086,1.558,1.815,2.099,0.777,1.089,1.406
2021-09-17,1.082,1.535,1.79,2.068,0.773,1.086,1.381
2021-09-16,1.078,1.51,1.762,2.043,0.77,1.082,1.364
2021-09-15,1.073,1.492,1.738,2.025,0.767,1.076,1.357
2021-09-14,1.09,1.535,1.775,2.06,0.776,1.096,1.403
2021-09-13,1.086,1.525,1.76,2.037,0.774,1.087,1.391
2021-09-10,1.074,1.501,1.75,2.006,0.772,1.066,1.358
2021-09-09,1.061,1.499,1.75,2.0,0.767,1.046,1.34
2021-09-08,1.047,1.489,1.745,2.016,0.766,1.033,1.313
2021-09-07,1.041,1.464,1.716,1.975,0.765,1.028,1.301
2021-09-06,1.043,1.459,1.719,1.97,0.766,1.029,1.299
2021-09-03,1.043,1.437,1.696,1.943,0.768,1.03,1.285
2021-09-02,1.046,1.422,1.684,1.941,0.767,1.041,1.285
2021-09-01,1.066,1.417,1.675,1.942,0.762,1.048,1.281
2021-08-31,1.064,1.395,1.651,1.912,0.76,1.049,1.272
2021-08-30,1.064,1.398,1.652,1.913,0.761,1.056,1.27
2021-08-27,1.068,1.408,1.667,1.939,0.765,1.063,1.281
2021-08-26,1.059,1.398,1.658,1.928,0.75,1.05,1.27
2021-08-25,1.05,1.435,1.686,1.936,0.698,1.041,1.298
2021-08-24,1.042,1.438,1.688,1.939,0.689,1.033,1.299
2021-08-23,1.015,1.389,1.636,1.889,0.673,1.007,1.26
2021-08-20,0.999,1.364,1.597,1.853,0.661,0.988,1.235
2021-08-19,0.989,1.36,1.604,1.868,0.656,0.981,1.233
2021-08-18,0.993,1.389,1.632,1.881,0.659,0.993,1.255
2021-08-17,0.994,1.402,1.646,1.886,0.657,1.002,1.25
2021-08-13,0.994,1.407,1.666,1.924,0.656,1.008,1.249
2021-08-12,0.986,1.413,1.664,1.922,0.65,1.005,1.25
2021-08-11,0.977,1.419,1.665,1.934,0.642,1.001,1.248
2021-08-10,0.978,1.432,1.662,1.916,0.64,1.0,1.258
2021-08-09,0.978,1.436,1.671,1.914,0.639,0.996,1.273
2021-08-06,0.972,1.433,1.674,1.9,0.635,0.989,1.276
2021-08-05,0.949,1.414,1.646,1.878,0.623,0.969,1.26
2021-08-04,0.944,1.418,1.636,1.866,0.623,0.962,1.262
2021-08-03,0.952,1.442,1.663,1.89,0.623,0.964,1.28
2021-08-02,0.944,1.435,1.653,1.907,0.62,0.954,1.268
2021-07-30,0.936,1.417,1.638,1.874,0.613,0.941,1.255
2021-07-29,0.941,1.431,1.657,1.889,0.612,0.945,1.28
2021-07-28,0.934,1.419,1.64,1.862,0.607,0.938,1.272
2021-07-27,0.916,1.38,1.617,1.868,0.601,0.916,1.241
2021-07-26,0.912,1.369,1.609,1.863,0.597,0.915,1.233
2021-07-23,0.917,1.393,1.639,1.888,0.598,0.922,1.253
2021-07-22,0.915,1.397,1.662,1.921,0.595,0.923,1.263
2021-07-21,0.908,1.383,1.628,1.878,0.589,0.921,1.261
2021-07-20,0.917,1.41,1.647,1.893,0.594,0.93,1.287
2021-07-19,0.93,1.459,1.703,1.972,0.603,0.954,1.311
2021-07-16,0.922,1.451,1.718,2.008,0.599,0.948,1.308
2021-07-15,0.906,1.497,1.753,2.024,0.594,0.941,1.302
2021-07-14,0.85,1.39,1.689,2.008,0.573,0.882,1.188
2021-07-13,0.857,1.424,1.719,2.035,0.578,0.894,1.217
2021-07-12,0.852,1.384,1.688,2.022,0.574,0.886,1.186
2021-07-09,0.857,1.375,1.684,2.033,0.58,0.894,1.188
2021-07-08,0.866,1.358,1.656,2.002,0.585,0.902,1.191
2021-07-07,0.904,1.41,1.699,2.039,0.602,0.947,1.25
2021-07-06,0.937,1.465,1.768,2.119,0.618,0.988,1.304
2021-07-05,0.941,1.462,1.751,2.089,0.621,0.993,1.294
2021-07-02,0.956,1.484,1.781,2.101,0.625,1.007,1.305
2021-07-01,0.955,1.469,1.756,2.09,0.619,1.005,1.298
2021-06-30,0.955,1.448,1.739,2.092,0.609,0.994,1.29
2021-06-29,0.958,1.459,1.765,2.109,0.598,0.991,1.311
2021-06-28,0.943,1.47,1.793,2.137,0.581,0.973,1.322
2021-06-25,0.908,1.441,1.764,2.1,0.545,0.945,1.29
2021-06-24,0.888,1.384,1.706,2.06,0.526,0.92,1.236
2021-06-23,0.869,1.338,1.677,2.041,0.512,0.903,1.196
2021-06-22,0.877,1.331,1.684,2.05,0.51,0.9,1.185
2021-06-21,0.888,1.351,1.674,2.006,0.513,0.907,1.199
2021-06-18,0.889,1.313,1.678,2.041,0.499,0.902,1.188
2021-06-17,0.897,1.327,1.71,2.079,0.495,0.902,1.193
2021-06-16,0.879,1.286,1.686,2.07,0.486,0.894,1.18
2021-06-15,0.849,1.307,1.693,2.071,0.484,0.883,1.172
2021-06-14,0.814,1.287,1.671,2.096,0.478,0.857,1.138
2021-06-11,0.761,1.276,1.658,2.101,0.475,0.827,1.117
2021-06-10,0.719,1.282,1.638,2.085,0.472,0.813,1.107
2021-06-09,0.653,1.137,1.623,2.103,0.467,0.777,1.08
2021-06-08,0.644,1.174,1.657,2.116,0.467,0.778,1.092
2021-06-07,0.643,1.201,1.699,2.156,0.469,0.774,1.093
2021-06-04,0.639,1.22,1.724,2.173,0.469,0.765,1.071
2021-06-03,0.631,1.191,1.715,2.195,0.47,0.759,1.032
2021-06-02,0.632,1.206,1.731,2.202,0.474,0.753,1.003
2021-06-01,0.629,1.213,1.726,2.186,0.473,0.72,0.999
2021-05-31,0.633,1.227,1.739,2.179,0.482,0.7,1.009
2021-05-28,0.611,1.162,1.673,2.132,0.477,0.66,0.964
2021-05-27,0.591,1.124,1.638,2.111,0.468,0.639,0.928
2021-05-26,0.597,1.161,1.672,2.128,0.47,0.635,0.948
2021-05-25,0.593,1.142,1.654,2.129,0.47,0.622,0.933
2021-05-24,0.593,1.116,1.651,2.12,0.469,0.619,0.924
2021-05-21,0.593,1.095,1.629,2.123,0.465,0.609,0.911
2021-05-20,0.598,1.103,1.642,2.135,0.468,0.616,0.919
2021-05-18,0.599,1.099,1.625,2.118,0.469,0.618,0.91
2021-05-17,0.6,1.107,1.624,2.117,0.469,0.617,0.915
2021-05-14,0.609,1.116,1.651,2.158,0.472,0.629,0.918
2021-05-13,0.61,1.123,1.651,2.156,0.475,0.631,0.92
2021-05-12,0.61,1.121,1.625,2.125,0.475,0.631,0.916
2021-05-11,0.612,1.128,1.627,2.139,0.473,0.635,0.913
2021-05-10,0.619,1.136,1.635,2.134,0.474,0.646,0.919
2021-05-07,0.624,1.137,1.643,2.123,0.474,0.653,0.921
2021-05-06,0.627,1.14,1.629,2.102,0.472,0.651,0.913
2021-05-04,0.639,1.158,1.643,2.13,0.476,0.661,0.921
2021-05-03,0.642,1.149,1.636,2.124,0.477,0.663,0.92
2021-04-30,0.642,1.141,1.63,2.128,0.476,0.655,0.919
2021-04-29,0.64,1.121,1.601,2.098,0.475,0.652,0.912
2021-04-28,0.639,1.105,1.604,2.082,0.475,0.653,0.907
2021-04-27,0.638,1.097,1.584,2.071,0.476,0.652,0.894
2021-04-26,0.642,1.119,1.602,2.089,0.479,0.652,0.901
2021-04-23,0.644,1.12,1.573,2.043,0.479,0.659,0.901
2021-04-22,0.641,1.105,1.544,1.989,0.477,0.654,0.89
2021-04-21,0.642,1.11,1.554,2.005,0.478,0.656,0.891
2021-04-20,0.649,1.134,1.568,2.003,0.484,0.661,0.912
2021-04-19,0.651,1.129,1.548,1.981,0.485,0.661,0.914
2021-04-16,0.657,1.154,1.582,2.023,0.488,0.665,0.927
2021-04-15,0.658,1.147,1.57,2.02,0.489,0.666,0.92
2021-04-14,0.648,1.102,1.524,1.99,0.485,0.654,0.895
2021-04-13,0.656,1.138,1.562,2.027,0.487,0.66,0.911
2021-04-12,0.657,1.14,1.55,2.003,0.488,0.659,0.906
2021-04-09,0.667,1.168,1.578,2.029,0.49,0.663,0.915
2021-04-08,0.671,1.152,1.543,2.012,0.489,0.661,0.902
2021-04-07,0.68,1.181,1.584,2.064,0.493,0.663,0.902
2021-04-06,0.684,1.181,1.606,2.069,0.494,0.664,0.902
2021-04-05,0.697,1.202,1.636,2.094,0.505,0.673,0.922
2021-04-02,0.693,1.151,1.575,2.049,0.504,0.667,0.896
2021-04-01,0.693,1.138,1.58,2.023,0.504,0.669,0.899
2021-03-31,0.69,1.133,1.601,2.057,0.504,0.667,0.912
2021-03-30,0.692,1.155,1.607,2.063,0.504,0.669,0.928
2021-03-29,0.686,1.119,1.53,1.98,0.501,0.664,0.919
2021-03-26,0.684,1.117,1.532,2.005,0.501,0.664,0.916
2021-03-25,0.681,1.089,1.509,1.967,0.5,0.659,0.909
2021-03-24,0.682,1.115,1.537,1.992,0.5,0.659,0.91
2021-03-23,0.687,1.132,1.586,2.032,0.501,0.662,0.904
2021-03-22,0.686,1.13,1.615,2.057,0.502,0.664,0.886
2021-03-19,0.687,1.146,1.578,2.099,0.502,0.673,0.879
2021-03-18,0.682,1.133,1.63,2.15,0.499,0.672,0.86
2021-03-17,0.686,1.177,1.639,2.134,0.501,0.689,0.869
2021-03-16,0.685,1.177,1.602,2.098,0.5,0.698,0.881
2021-03-15,0.691,1.238,1.621,2.152,0.505,0.712,0.932
2021-03-12,0.688,1.223,1.596,2.092,0.504,0.709,0.932
2021-03-11,0.684,1.179,1.525,2.027,0.5,0.7,0.929
2021-03-10,0.689,1.182,1.566,2.036,0.5,0.704,0.953
2021-03-09,0.695,1.206,1.592,2.034,0.506,0.709,0.986
2021-03-08,0.687,1.139,1.497,2.028,0.501,0.698,0.935
2021-03-05,0.679,1.066,1.438,1.992,0.498,0.677,0.886
2021-03-04,0.672,1.03,1.422,1.972,0.498,0.677,0.867
2021-03-03,0.669,1.019,1.423,1.951,0.497,0.676,0.86
2021-03-02,0.671,1.021,1.45,1.966,0.497,0.677,0.863
2021-02-26,0.673,1.02,1.449,1.96,0.499,0.679,0.874
2021-02-25,0.665,0.995,1.374,1.884,0.495,0.672,0.867
2021-02-24,0.668,1.006,1.356,1.851,0.497,0.673,0.871
2021-02-23,0.673,1.02,1.386,1.906,0.503,0.681,0.878
2021-02-22,0.675,1.02,1.389,1.922,0.508,0.684,0.881
2021-02-19,0.669,0.996,1.344,1.875,0.503,0.681,0.868
2021-02-18,0.668,0.985,1.33,1.854,0.503,0.681,0.858
2021-02-17,0.669,0.986,1.344,1.862,0.504,0.683,0.858
2021-02-16,0.668,0.984,1.337,1.85,0.503,0.682,0.853
2021-02-15,0.675,0.998,1.362,1.871,0.509,0.686,0.86
2021-02-10,0.673,0.995,1.337,1.831,0.511,0.684,0.854
2021-02-09,0.67,0.99,1.319,1.813,0.51,0.679,0.844
2021-02-08,0.677,1.001,1.327,1.822,0.514,0.687,0.855
2021-02-05,0.67,0.982,1.311,1.791,0.512,0.685,0.86
2021-02-04,0.67,0.984,1.324,1.793,0.513,0.689,0.865
2021-02-03,0.669,0.978,1.316,1.768,0.513,0.689,0.866
2021-02-02,0.67,0.98,1.314,1.758,0.516,0.69,0.872
2021-02-01,0.678,0.994,1.346,1.803,0.52,0.7,0.886
2021-01-29,0.67,0.971,1.32,1.768,0.512,0.695,0.875
2021-01-28,0.677,0.977,1.329,1.764,0.514,0.699,0.884
2021-01-27,0.681,0.982,1.335,1.757,0.517,0.701,0.896
2021-01-26,0.688,1.007,1.348,1.77,0.522,0.697,0.907
2021-01-25,0.689,1.006,1.353,1.78,0.523,0.696,0.906
2021-01-22,0.689,0.993,1.326,1.758,0.519,0.686,0.895
2021-01-21,0.682,0.971,1.283,1.706,0.518,0.678,0.875
2021-01-20,0.686,0.976,1.281,1.703,0.518,0.678,0.876
2021-01-19,0.688,0.974,1.297,1.711,0.518,0.677,0.871
2021-01-18,0.692,0.968,1.303,1.714,0.52,0.677,0.873
2021-01-15,0.699,0.973,1.314,1.731,0.525,0.679,0.878
2021-01-14,0.701,0.988,1.324,1.734,0.539,0.683,0.883
2021-01-13,0.7,0.979,1.31,1.719,0.543,0.682,0.88
2021-01-12,0.702,0.976,1.315,1.718,0.553,0.683,0.882
2021-01-11,0.7,0.969,1.301,1.692,0.574,0.683,0.878
2021-01-08,0.707,0.978,1.326,1.729,0.587,0.69,0.883
2021-01-07,0.706,0.964,1.321,1.724,0.606,0.692,0.881
2021-01-06,0.709,0.953,1.322,1.731,0.611,0.696,0.878
2021-01-05,0.706,0.936,1.288,1.691,0.632,0.694,0.866
2021-01-04,0.726,0.954,1.322,1.723,0.649,0.727,0.89
2020-12-31,0.741,0.976,1.335,1.713,0.668,0.747,0.913
2020-12-30,0.741,0.978,1.335,1.713,0.668,0.747,0.914
2020-12-29,0.736,0.973,1.327,1.698,0.665,0.744,0.913
2020-12-28,0.728,0.958,1.316,1.681,0.659,0.736,0.902
2020-12-24,0.722,0.95,1.314,1.682,0.657,0.732,0.898
2020-12-23,0.71,0.932,1.279,1.64,0.643,0.716,0.88
2020-12-22,0.715,0.945,1.302,1.657,0.649,0.722,0.892
2020-12-21,0.72,0.959,1.323,1.679,0.658,0.729,0.902
2020-12-18,0.722,0.963,1.345,1.708,0.661,0.733,0.908
2020-12-17,0.726,0.999,1.367,1.732,0.665,0.738,0.908
2020-12-16,0.719,0.989,1.339,1.692,0.659,0.729,0.897
2020-12-15,0.715,0.984,1.317,1.671,0.654,0.723,0.888
2020-12-14,0.715,0.986,1.306,1.67,0.654,0.722,0.884
2020-12-11,0.713,0.98,1.307,1.661,0.653,0.721,0.881
2020-12-10,0.71,0.973,1.301,1.655,0.651,0.718,0.879
2020-12-09,0.71,0.966,1.318,1.656,0.651,0.718,0.88
2020-12-08,0.708,0.959,1.311,1.642,0.648,0.715,0.874
2020-12-07,0.709,0.961,1.319,1.646,0.648,0.715,0.871
2020-12-04,0.71,0.966,1.323,1.655,0.65,0.72,0.878
2020-12-03,0.714,0.975,1.337,1.669,0.652,0.722,0.883
2020-12-02,0.716,0.982,1.35,1.675,0.654,0.725,0.886
2020-12-01,0.715,0.982,1.335,1.649,0.654,0.724,0.887
2020-11-30,0.716,0.983,1.337,1.659,0.655,0.727,0.89
2020-11-27,0.712,0.979,1.324,1.641,0.65,0.722,0.886
2020-11-26,0.713,0.981,1.333,1.655,0.654,0.728,0.897
2020-11-25,0.707,0.971,1.308,1.629,0.65,0.72,0.888
2020-11-24,0.699,0.963,1.289,1.598,0.645,0.71,0.88
2020-11-23,0.692,0.955,1.282,1.581,0.641,0.703,0.869
2020-11-20,0.699,0.963,1.299,1.607,0.645,0.709,0.872
2020-11-19,0.695,0.955,1.292,1.608,0.642,0.708,0.863
2020-11-18,0.693,0.949,1.28,1.602,0.64,0.705,0.858
2020-11-17,0.698,0.96,1.297,1.62,0.643,0.71,0.864
2020-11-16,0.7,0.97,1.302,1.623,0.643,0.711,0.862
2020-11-13,0.699,0.965,1.298,1.627,0.642,0.71,0.859
2020-11-12,0.701,0.969,1.319,1.65,0.646,0.714,0.868
2020-11-11,0.71,0.989,1.34,1.662,0.655,0.725,0.882
2020-11-10,0.704,0.976,1.306,1.624,0.652,0.721,0.879
2020-11-09,0.694,0.959,1.272,1.568,0.646,0.713,0.861
2020-11-06,0.689,0.943,1.254,1.559,0.643,0.711,0.857
2020-11-05,0.681,0.927,1.223,1.527,0.638,0.705,0.849
2020-11-04,0.693,0.955,1.266,1.569,0.648,0.715,0.862
2020-11-03,0.702,0.98,1.296,1.607,0.654,0.722,0.879
2020-11-02,0.698,0.971,1.288,1.602,0.65,0.721,0.876
2020-10-30,0.68,0.935,1.235,1.546,0.637,0.703,0.847
2020-10-29,0.678,0.927,1.218,1.527,0.636,0.702,0.848
2020-10-28,0.674,0.914,1.202,1.497,0.634,0.698,0.838
2020-10-27,0.677,0.917,1.206,1.503,0.636,0.7,0.837
2020-10-26,0.673,0.908,1.192,1.482,0.63,0.694,0.829
2020-10-23,0.675,0.91,1.191,1.495,0.631,0.696,0.831
2020-10-22,0.68,0.925,1.209,1.507,0.633,0.699,0.84
2020-10-21,0.685,0.934,1.224,1.522,0.638,0.703,0.85
2020-10-20,0.679,0.911,1.167,1.462,0.631,0.698,0.832
2020-10-19,0.673,0.891,1.148,1.441,0.625,0.691,0.821
2020-10-16,0.674,0.888,1.178,1.493,0.627,0.694,0.817
2020-10-15,0.671,0.877,1.163,1.478,0.621,0.689,0.806
2020-10-14,0.68,0.901,1.194,1.513,0.628,0.696,0.822
2020-10-13,0.689,0.923,1.211,1.527,0.633,0.701,0.838
2020-10-12,0.69,0.925,1.225,1.553,0.635,0.702,0.838
2020-10-08,0.683,0.907,1.207,1.543,0.631,0.699,0.831
2020-10-07,0.685,0.91,1.2,1.533,0.633,0.702,0.841
2020-10-06,0.687,0.905,1.199,1.531,0.639,0.706,0.845
2020-10-05,0.679,0.881,1.147,1.479,0.628,0.692,0.828
2020-09-29,0.668,0.846,1.107,1.43,0.614,0.674,0.802
2020-09-28,0.668,0.843,1.117,1.426,0.613,0.671,0.799
2020-09-25,0.674,0.855,1.125,1.424,0.617,0.674,0.806
2020-09-24,0.674,0.857,1.129,1.437,0.617,0.673,0.814
2020-09-23,0.686,0.883,1.149,1.447,0.623,0.678,0.828
2020-09-22,0.694,0.897,1.177,1.472,0.628,0.682,0.828
2020-09-21,0.699,0.904,1.197,1.493,0.632,0.685,0.833
2020-09-18,0.7,0.907,1.198,1.503,0.632,0.686,0.834
2020-09-17,0.705,0.914,1.197,1.508,0.634,0.688,0.835
2020-09-16,0.7,0.91,1.188,1.485,0.63,0.683,0.831
2020-09-15,0.699,0.907,1.198,1.503,0.633,0.685,0.834
2020-09-14,0.709,0.919,1.217,1.517,0.64,0.691,0.844
2020-09-11,0.714,0.926,1.228,1.53,0.641,0.692,0.848
2020-09-10,0.708,0.915,1.218,1.517,0.634,0.684,0.837
2020-09-09,0.71,0.915,1.19,1.518,0.637,0.687,0.838
2020-09-08,0.733,0.949,1.234,1.555,0.653,0.704,0.86
2020-09-07,0.748,0.973,1.263,1.572,0.664,0.718,0.877
2020-09-04,0.731,0.929,1.225,1.527,0.65,0.702,0.852
2020-09-03,0.721,0.919,1.218,1.524,0.646,0.697,0.844
2020-09-02,0.72,0.923,1.228,1.539,0.646,0.696,0.845
2020-09-01,0.746,0.977,1.273,1.582,0.662,0.712,0.863
2020-08-31,0.722,0.94,1.21,1.516,0.641,0.691,0.839
2020-08-28,0.701,0.893,1.175,1.486,0.624,0.671,0.81
2020-08-27,0.682,0.852,1.132,1.421,0.605,0.642,0.777
2020-08-26,0.677,0.835,1.114,1.404,0.602,0.637,0.769
2020-08-25,0.672,0.825,1.1,1.387,0.594,0.629,0.757
2020-08-24,0.67,0.824,1.093,1.378,0.59,0.625,0.753
2020-08-21,0.683,0.854,1.126,1.41,0.599,0.635,0.764
2020-08-20,0.667,0.813,1.08,1.379,0.588,0.618,0.736
2020-08-19,0.662,0.805,1.061,1.347,0.582,0.611,0.729
2020-08-18,0.664,0.81,1.07,1.357,0.582,0.611,0.73
2020-08-14,0.673,0.828,1.096,1.396,0.586,0.618,0.739
2020-08-13,0.667,0.815,1.075,1.362,0.581,0.611,0.728
2020-08-12,0.672,0.827,1.087,1.373,0.584,0.615,0.733
2020-08-11,0.664,0.818,1.077,1.345,0.578,0.609,0.725
2020-08-10,0.668,0.83,1.095,1.363,0.581,0.61,0.729
2020-08-07,0.655,0.81,1.058,1.319,0.571,0.596,0.715
2020-08-06,0.653,0.807,1.053,1.306,0.569,0.592,0.712
2020-08-05,0.649,0.795,1.045,1.293,0.569,0.592,0.72
2020-08-04,0.657,0.802,1.055,1.306,0.572,0.598,0.729
2020-08-03,0.655,0.799,1.04,1.306,0.57,0.596,0.727
2020-07-31,0.658,0.796,1.031,1.296,0.57,0.598,0.729
2020-07-30,0.664,0.799,1.037,1.281,0.57,0.6,0.735
2020-07-29,0.673,0.811,1.063,1.309,0.578,0.609,0.747
2020-07-28,0.677,0.813,1.074,1.329,0.58,0.611,0.753
2020-07-27,0.671,0.803,1.053,1.304,0.575,0.606,0.745
2020-07-24,0.671,0.799,1.049,1.305,0.574,0.605,0.744
2020-07-23,0.672,0.798,1.048,1.318,0.574,0.607,0.743
2020-07-22,0.68,0.81,1.071,1.346,0.582,0.618,0.757
2020-07-21,0.684,0.818,1.084,1.356,0.588,0.623,0.763
2020-07-20,0.674,0.801,1.066,1.334,0.582,0.617,0.75
2020-07-17,0.682,0.812,1.08,1.348,0.589,0.625,0.759
2020-07-16,0.691,0.829,1.112,1.378,0.598,0.633,0.773
2020-07-15,0.7,0.847,1.148,1.414,0.606,0.644,0.789
2020-07-14,0.704,0.854,1.149,1.418,0.609,0.647,0.793
2020-07-13,0.71,0.86,1.146,1.42,0.61,0.648,0.791
2020-07-10,0.703,0.849,1.125,1.397,0.604,0.643,0.777
2020-07-09,0.702,0.84,1.116,1.391,0.604,0.641,0.77
2020-07-08,0.698,0.839,1.105,1.377,0.603,0.64,0.77
2020-07-07,0.701,0.843,1.116,1.388,0.607,0.644,0.771
2020-07-06,0.71,0.854,1.136,1.41,0.616,0.654,0.785
2020-07-03,0.703,0.838,1.115,1.387,0.613,0.648,0.773
2020-07-02,0.701,0.831,1.114,1.377,0.611,0.65,0.771
2020-07-01,0.712,0.847,1.132,1.402,0.623,0.668,0.79
2020-06-30,0.716,0.842,1.111,1.373,0.624,0.676,0.795
2020-06-29,0.717,0.842,1.095,1.365,0.621,0.677,0.79
2020-06-26,0.701,0.811,1.071,1.327,0.611,0.665,0.779
2020-06-25,0.706,0.817,1.083,1.344,0.611,0.664,0.775
2020-06-24,0.707,0.819,1.09,1.363,0.613,0.666,0.777
2020-06-23,0.709,0.827,1.109,1.385,0.615,0.67,0.776
2020-06-22,0.725,0.846,1.124,1.39,0.625,0.683,0.795
2020-06-19,0.725,0.844,1.125,1.38,0.624,0.692,0.8
2020-06-18,0.73,0.842,1.105,1.37,0.623,0.699,0.793
2020-06-17,0.749,0.874,1.147,1.409,0.631,0.714,0.825
2020-06-16,0.736,0.86,1.131,1.402,0.623,0.698,0.802
2020-06-15,0.736,0.861,1.153,1.424,0.621,0.691,0.804
2020-06-12,0.721,0.841,1.125,1.388,0.611,0.669,0.782
2020-06-11,0.718,0.837,1.113,1.383,0.605,0.659,0.774
2020-06-10,0.72,0.84,1.122,1.398,0.607,0.661,0.775
2020-06-09,0.722,0.861,1.134,1.397,0.606,0.666,0.784
2020-06-08,0.732,0.902,1.191,1.453,0.61,0.674,0.796
2020-06-05,0.73,0.894,1.189,1.452,0.608,0.674,0.799
2020-06-04,0.723,0.886,1.179,1.432,0.603,0.665,0.795
2020-06-03,0.708,0.866,1.15,1.426,0.596,0.65,0.785
2020-06-02,0.692,0.851,1.127,1.378,0.588,0.635,0.765
2020-06-01,0.689,0.831,1.119,1.395,0.592,0.636,0.757
2020-05-29,0.692,0.826,1.097,1.374,0.597,0.648,0.753
2020-05-28,0.7,0.818,1.076,1.343,0.608,0.667,0.775
2020-05-27,0.749,0.863,1.096,1.34,0.662,0.725,0.827
2020-05-26,0.743,0.839,1.08,1.328,0.661,0.721,0.818
2020-05-25,0.743,0.815,1.05,1.316,0.656,0.71,0.799
2020-05-22,0.755,0.837,1.082,1.347,0.661,0.717,0.81
2020-05-21,0.768,0.856,1.097,1.342,0.67,0.727,0.831
2020-05-20,0.772,0.868,1.111,1.358,0.671,0.729,0.838
2020-05-19,0.781,0.876,1.132,1.391,0.673,0.733,0.845
2020-05-18,0.783,0.887,1.128,1.394,0.675,0.733,0.854
2020-05-15,0.784,0.874,1.118,1.383,0.67,0.732,0.843
2020-05-14,0.786,0.869,1.122,1.381,0.669,0.735,0.839
2020-05-13,0.78,0.856,1.111,1.392,0.664,0.732,0.836
2020-05-12,0.799,0.886,1.142,1.424,0.675,0.746,0.862
2020-05-11,0.821,0.926,1.186,1.462,0.697,0.767,0.891
2020-05-08,0.819,0.914,1.166,1.426,0.695,0.762,0.882
2020-05-07,0.834,0.946,1.209,1.48,0.707,0.778,0.902
2020-05-06,0.845,0.96,1.224,1.508,0.718,0.796,0.916
2020-05-04,0.856,0.975,1.215,1.499,0.72,0.801,0.921
2020-04-29,0.872,1.006,1.246,1.518,0.731,0.817,0.955
2020-04-28,0.879,1.033,1.288,1.56,0.739,0.828,0.972
2020-04-27,0.878,1.026,1.288,1.576,0.739,0.83,0.975
2020-04-24,0.873,1.018,1.277,1.546,0.738,0.832,0.972
2020-04-23,0.884,1.036,1.291,1.545,0.74,0.853,0.993
2020-04-22,0.893,1.046,1.269,1.532,0.746,0.87,1.009
2020-04-21,0.886,1.035,1.23,1.458,0.742,0.869,0.996
2020-04-20,0.876,1.013,1.217,1.444,0.729,0.864,0.981
2020-04-17,0.879,1.006,1.219,1.438,0.734,0.868,0.981
2020-04-16,0.868,0.982,1.184,1.411,0.722,0.855,0.961
2020-04-14,0.871,0.996,1.225,1.464,0.725,0.855,0.963
2020-04-13,0.867,0.996,1.225,1.469,0.725,0.848,0.955
2020-04-10,0.856,0.97,1.194,1.444,0.725,0.839,0.944
2020-04-09,0.862,0.986,1.202,1.438,0.729,0.843,0.956
2020-04-08,0.891,1.024,1.264,1.511,0.745,0.86,0.98
2020-04-07,0.911,1.047,1.318,1.58,0.77,0.884,1.003
2020-04-06,0.928,1.052,1.302,1.543,0.805,0.912,1.007
2020-04-03,0.95,1.066,1.329,1.548,0.846,0.952,1.033
2020-04-02,0.959,1.059,1.303,1.518,0.868,0.976,1.043
2020-04-01,0.984,1.092,1.326,1.545,0.893,1.006,1.08
2020-03-31,0.989,1.07,1.296,1.551,0.899,1.008,1.067
2020-03-30,1.005,1.098,1.316,1.562,0.904,1.021,1.089
2020-03-27,0.993,1.06,1.266,1.532,0.9,1.002,1.059
2020-03-26,0.995,1.067,1.285,1.502,0.926,1.006,1.069
2020-03-25,1.013,1.131,1.408,1.647,0.941,1.033,1.107
2020-03-24,1.015,1.127,1.43,1.708,0.951,1.034,1.128
2020-03-23,1.041,1.153,1.462,1.718,0.964,1.055,1.163
2020-03-20,1.019,1.107,1.388,1.611,0.949,1.038,1.115
2020-03-19,1.066,1.193,1.434,1.657,0.966,1.052,1.156
2020-03-18,0.982,1.05,1.256,1.502,0.918,0.952,1.004
2020-03-17,0.981,1.03,1.196,1.441,0.923,0.957,0.982
2020-03-16,1.02,1.099,1.268,1.524,1.016,1.042,1.042
2020-03-13,1.073,1.149,1.314,1.57,1.077,1.106,1.115
2020-03-12,1.022,1.062,1.187,1.387,1.044,1.051,1.058
2020-03-11,1.032,1.086,1.194,1.369,1.045,1.055,1.064
2020-03-10,1.033,1.082,1.183,1.355,1.052,1.066,1.082
2020-03-09,1.014,1.038,1.127,1.286,1.033,1.046,1.042
2020-03-06,1.051,1.078,1.182,1.37,1.057,1.073,1.071
2020-03-05,1.046,1.051,1.143,1.337,1.057,1.077,1.057
2020-03-04,1.038,1.029,1.116,1.299,1.052,1.067,1.045
2020-03-03,1.117,1.11,1.198,1.371,1.116,1.143,1.119
2020-03-02,1.121,1.128,1.211,1.372,1.119,1.151,1.129
2020-02-28,1.113,1.104,1.18,1.333,1.117,1.143,1.122
2020-02-27,1.154,1.194,1.29,1.443,1.154,1.182,1.19
2020-02-26,1.119,1.135,1.232,1.395,1.122,1.137,1.138
2020-02-25,1.139,1.171,1.263,1.429,1.138,1.156,1.159
2020-02-24,1.129,1.139,1.236,1.416,1.136,1.151,1.138
2020-02-21,1.168,1.182,1.267,1.443,1.173,1.183,1.175
2020-02-20,1.209,1.234,1.331,1.515,1.203,1.223,1.225
2020-02-19,1.237,1.284,1.38,1.559,1.225,1.254,1.259
2020-02-18,1.237,1.271,1.381,1.56,1.226,1.251,1.249
2020-02-17,1.264,1.32,1.435,1.622,1.246,1.278,1.278
2020-02-14,1.268,1.33,1.454,1.653,1.247,1.278,1.288
2020-02-13,1.235,1.275,1.404,1.609,1.231,1.244,1.243
2020-02-12,1.242,1.297,1.421,1.613,1.235,1.253,1.259
2020-02-11,1.241,1.299,1.408,1.602,1.233,1.25,1.257
2020-02-10,1.242,1.296,1.41,1.603,1.235,1.252,1.258
2020-02-07,1.238,1.28,1.398,1.601,1.234,1.248,1.251
2020-02-06,1.257,1.311,1.428,1.63,1.243,1.263,1.285
2020-02-05,1.259,1.307,1.412,1.601,1.245,1.267,1.295
2020-02-04,1.272,1.331,1.442,1.628,1.257,1.283,1.311
2020-02-03,1.256,1.291,1.373,1.547,1.245,1.268,1.281
2020-01-31,1.264,1.303,1.387,1.558,1.254,1.283,1.3
2020-01-30,1.265,1.301,1.39,1.553,1.255,1.291,1.305
2020-01-29,1.286,1.33,1.428,1.582,1.263,1.313,1.333
2020-01-28,1.295,1.352,1.45,1.603,1.27,1.321,1.347
2020-01-23,1.338,1.424,1.537,1.704,1.307,1.362,1.409
2020-01-22,1.345,1.437,1.55,1.723,1.313,1.374,1.423
2020-01-21,1.33,1.395,1.514,1.689,1.303,1.359,1.4
2020-01-20,1.355,1.455,1.583,1.762,1.316,1.384,1.444
2020-01-17,1.341,1.433,1.553,1.741,1.302,1.364,1.414
2020-01-16,1.333,1.426,1.536,1.701,1.3,1.356,1.413
2020-01-15,1.32,1.391,1.502,1.695,1.293,1.342,1.392
2020-01-14,1.317,1.386,1.513,1.716,1.293,1.338,1.382
2020-01-13,1.328,1.418,1.55,1.729,1.305,1.349,1.407
2020-01-10,1.33,1.425,1.546,1.706,1.311,1.355,1.413
2020-01-09,1.326,1.416,1.516,1.687,1.307,1.347,1.396
2020-01-08,1.319,1.363,1.46,1.63,1.299,1.337,1.362
2020-01-07,1.312,1.331,1.42,1.613,1.302,1.328,1.344
2020-01-06,1.295,1.277,1.345,1.541,1.295,1.309,1.297
2020-01-03,1.299,1.27,1.361,1.555,1.295,1.311,1.293
2020-01-02,1.319,1.327,1.441,1.638,1.311,1.344,1.334
2019-12-31,1.335,1.36,1.48,1.683,1.325,1.369,1.367
2019-12-30,1.335,1.36,1.48,1.683,1.325,1.369,1.367
2019-12-27,1.337,1.37,1.485,1.683,1.329,1.376,1.379
2019-12-26,1.336,1.367,1.467,1.641,1.328,1.378,1.383
2019-12-24,1.339,1.37,1.452,1.631,1.329,1.382,1.391
2019-12-23,1.342,1.38,1.462,1.642,1.33,1.385,1.399
2019-12-20,1.349,1.392,1.474,1.673,1.331,1.389,1.405
2019-12-19,1.347,1.383,1.467,1.655,1.33,1.386,1.4
2019-12-18,1.336,1.357,1.444,1.606,1.329,1.376,1.394
2019-12-17,1.34,1.363,1.45,1.605,1.33,1.373,1.397
2019-12-16,1.341,1.369,1.46,1.612,1.332,1.372,1.4
2019-12-13,1.352,1.402,1.498,1.649,1.341,1.385,1.419
2019-12-12,1.343,1.382,1.473,1.619,1.331,1.372,1.399
2019-12-11,1.345,1.381,1.475,1.621,1.331,1.371,1.397
2019-12-10,1.351,1.39,1.478,1.616,1.333,1.372,1.4
2019-12-09,1.363,1.412,1.488,1.664,1.335,1.373,1.403
2019-12-06,1.371,1.43,1.511,1.68,1.339,1.382,1.417
2019-12-05,1.37,1.423,1.493,1.661,1.337,1.379,1.408
2019-12-04,1.36,1.406,1.48,1.657,1.333,1.374,1.404
2019-12-03,1.382,1.46,1.553,1.736,1.342,1.397,1.435
2019-12-02,1.376,1.425,1.522,1.688,1.339,1.397,1.424
2019-11-29,1.365,1.385,1.475,1.63,1.326,1.389,1.395
2019-11-28,1.382,1.43,1.519,1.667,1.336,1.41,1.431
2019-11-27,1.39,1.456,1.528,1.671,1.34,1.418,1.449
2019-11-26,1.399,1.475,1.564,1.707,1.342,1.43,1.465
2019-11-25,1.401,1.475,1.577,1.725,1.342,1.433,1.468
2019-11-22,1.391,1.456,1.541,1.687,1.331,1.426,1.455
